-- phpMyAdmin SQL Dump
-- version 5.2.1
-- https://www.phpmyadmin.net/
--
-- Host: 127.0.0.1
-- Generation Time: May 05, 2026 at 05:12 PM
-- Server version: 10.4.32-MariaDB
-- PHP Version: 8.2.12

SET SQL_MODE = "NO_AUTO_VALUE_ON_ZERO";
START TRANSACTION;
SET time_zone = "+00:00";


/*!40101 SET @OLD_CHARACTER_SET_CLIENT=@@CHARACTER_SET_CLIENT */;
/*!40101 SET @OLD_CHARACTER_SET_RESULTS=@@CHARACTER_SET_RESULTS */;
/*!40101 SET @OLD_COLLATION_CONNECTION=@@COLLATION_CONNECTION */;
/*!40101 SET NAMES utf8mb4 */;

--
-- Database: `freshguard`
--

-- --------------------------------------------------------

--
-- Table structure for table `action_logs`
--

CREATE TABLE `action_logs` (
  `id` int(11) NOT NULL,
  `action_type` varchar(255) NOT NULL,
  `action_value` varchar(255) NOT NULL,
  `trigger_source` varchar(255) NOT NULL,
  `created_at` datetime(6) NOT NULL DEFAULT current_timestamp(6),
  `user_id` int(11) DEFAULT NULL,
  `area_id` int(11) DEFAULT NULL,
  `device_id` int(11) DEFAULT NULL,
  `is_resolved` tinyint(1) NOT NULL DEFAULT 0,
  `is_escalated` tinyint(1) NOT NULL DEFAULT 0,
  `resolved_at` datetime DEFAULT NULL,
  `resolve_note` text DEFAULT NULL
) ENGINE=InnoDB DEFAULT CHARSET=utf8mb4 COLLATE=utf8mb4_unicode_ci;

--
-- Dumping data for table `action_logs`
--

INSERT INTO `action_logs` (`id`, `action_type`, `action_value`, `trigger_source`, `created_at`, `user_id`, `area_id`, `device_id`, `is_resolved`, `is_escalated`, `resolved_at`, `resolve_note`) VALUES
(338, 'HUMI_ALERT', 'Quá ngưỡng trên (0%). Auto BẬT quạt.', 'AUTO', '2026-05-14 11:53:32.874165', NULL, 1, 1, 0, 0, NULL, NULL),
(340, 'HUMI_ALERT', 'Quá ngưỡng trên (0%). Auto BẬT quạt.', 'AUTO', '2026-05-14 12:23:32.874165', NULL, 1, 1, 0, 0, NULL, NULL),
(339, 'TEMP_ALERT', 'Kho sắp vượt ngưỡng trên (0%).', 'AUTO', '2026-05-14 13:02:32.874165', NULL, 1, 1, 0, 0, NULL, NULL);




-- --------------------------------------------------------

--
-- Table structure for table `areas`
--

CREATE TABLE `areas` (
  `id` int(11) NOT NULL,
  `area_name` varchar(255) NOT NULL,
  `auto_door_timeout_sec` int(11) NOT NULL DEFAULT 30,
  `manual_override_mins` int(11) NOT NULL DEFAULT 30,
  `warehouse_id` int(11) DEFAULT NULL,
  `current_food_type_id` int(11) DEFAULT NULL,
  `operating_mode` varchar(20) NOT NULL DEFAULT 'AUTO',
  `user_id` int(11) DEFAULT NULL
) ENGINE=InnoDB DEFAULT CHARSET=utf8mb4 COLLATE=utf8mb4_unicode_ci;

--
-- Dumping data for table `areas`
--

INSERT INTO `areas` (`id`, `area_name`, `auto_door_timeout_sec`, `manual_override_mins`, `warehouse_id`, `current_food_type_id`, `operating_mode`, `user_id`) VALUES
(1, 'Khu A - Thịt Tươi', 10, 1, 1, 1, 'AUTO', NULL),
(2, 'Khu B - Rau củ', 30, 30, 1, 2, 'AUTO', NULL);

-- --------------------------------------------------------

--
-- Table structure for table `area_food_types`
--

CREATE TABLE `area_food_types` (
  `area_id` int(11) NOT NULL,
  `food_type_id` int(11) NOT NULL
) ENGINE=InnoDB DEFAULT CHARSET=utf8mb4 COLLATE=utf8mb4_general_ci;

--
-- Dumping data for table `area_food_types`
--

INSERT INTO `area_food_types` (`area_id`, `food_type_id`) VALUES
(1, 1);

-- --------------------------------------------------------

--
-- Table structure for table `devices`
--

CREATE TABLE `devices` (
  `id` int(11) NOT NULL,
  `device_code` varchar(255) NOT NULL,
  `device_name` varchar(255) NOT NULL,
  `device_type` varchar(255) NOT NULL,
  `adafruit_feed_key` varchar(255) DEFAULT NULL,
  `status` varchar(255) NOT NULL DEFAULT 'ONLINE',
  `area_id` int(11) DEFAULT NULL,
  `schedule_on_time` varchar(5) DEFAULT NULL,
  `schedule_off_time` varchar(5) DEFAULT NULL
) ENGINE=InnoDB DEFAULT CHARSET=utf8mb4 COLLATE=utf8mb4_unicode_ci;

--
-- Dumping data for table `devices`
--

INSERT INTO `devices` (`id`, `device_code`, `device_name`, `device_type`, `adafruit_feed_key`, `status`, `area_id`, `schedule_on_time`, `schedule_off_time`) VALUES
(1, 'TEMP_A1', 'Cảm biến Nhiệt độ', 'TEMP', 'nhietdo1', 'ONLINE', 1, NULL, NULL),
(2, 'HUMI_A1', 'Cảm biến Độ ẩm', 'HUMI', 'doam1', 'ONLINE', 1, NULL, NULL),
(3, 'FAN_A1', 'Quạt Làm lạnh', 'ACTUATOR', 'quat1', 'ON', 1, NULL, NULL),
(4, 'LIGHT_A1', 'Đèn Chiếu Sáng', 'ACTUATOR', 'den1', 'OFF', 1, NULL, NULL),
(5, 'MATRIX_A1', 'Đèn Tầng Cảnh Báo', 'ACTUATOR', 'led_matrix', 'RED_BLINK', 1, NULL, NULL),
(6, 'DOOR_A1', 'Cảm biến Cửa (Nút A)', 'DOOR_SENSOR', 'nut_a', 'OFF', 1, NULL, NULL),
(7, 'SOS_A1', 'Nút Khẩn Cấp (Nút B)', 'EMERGENCY_BTN', 'nut_b', 'ONLINE', 1, NULL, NULL),
(8, 'CO2_A1', 'Cảm biến CO2', 'CO2_SENSOR', 'co2_1', 'ONLINE', 1, NULL, NULL),
(9, 'BRIGHT_A1', 'Cảm biến Ánh sáng', 'BRIGHT', 'anhsang1', 'ONLINE', 1, NULL, NULL);

-- --------------------------------------------------------

--
-- Table structure for table `device_schedules`
--

CREATE TABLE `device_schedules` (
  `id` int(11) NOT NULL,
  `action` varchar(255) NOT NULL,
  `start_time` time NOT NULL,
  `end_time` time DEFAULT NULL,
  `is_active` tinyint(1) NOT NULL DEFAULT 1,
  `created_at` datetime(6) NOT NULL DEFAULT current_timestamp(6),
  `deviceId` int(11) DEFAULT NULL
) ENGINE=InnoDB DEFAULT CHARSET=utf8mb4 COLLATE=utf8mb4_unicode_ci;

--
-- Dumping data for table `device_schedules`
--

INSERT INTO `device_schedules` (`id`, `action`, `start_time`, `end_time`, `is_active`, `created_at`, `deviceId`) VALUES
(1, 'ON', '08:00:00', '17:00:00', 1, '2026-04-20 23:07:28.046602', 1);

-- --------------------------------------------------------

--
-- Table structure for table `food_types`
--

CREATE TABLE `food_types` (
  `id` int(11) NOT NULL,
  `food_name` varchar(255) NOT NULL,
  `min_temp` float NOT NULL,
  `max_temp` float NOT NULL,
  `min_humi` float NOT NULL,
  `max_humi` float NOT NULL
) ENGINE=InnoDB DEFAULT CHARSET=utf8mb4 COLLATE=utf8mb4_unicode_ci;

--
-- Dumping data for table `food_types`
--

INSERT INTO `food_types` (`id`, `food_name`, `min_temp`, `max_temp`, `min_humi`, `max_humi`) VALUES
(1, 'Thịt Bò Kobe', -1, 5, 60, 80),
(2, 'Rau xà lách', 1, 4, 90, 95),
(3, 'Test - Nhiet do Phong', 1, 40, 50, 55);

-- --------------------------------------------------------

--
-- Table structure for table `sensor_readings`
--

CREATE TABLE `sensor_readings` (
  `id` int(11) NOT NULL,
  `sensor_type` varchar(255) NOT NULL,
  `reading_value` float NOT NULL,
  `recorded_at` datetime(6) NOT NULL DEFAULT current_timestamp(6),
  `device_id` int(11) DEFAULT NULL
) ENGINE=InnoDB DEFAULT CHARSET=utf8mb4 COLLATE=utf8mb4_unicode_ci;

--
-- Dumping data for table `sensor_readings`
--

INSERT INTO `sensor_readings` (`id`, `sensor_type`, `reading_value`, `recorded_at`, `device_id`) VALUES
(1, 'TEMP', 28, '2026-03-25 17:12:50.428202', 1),
(2, 'CO2', 407, '2026-03-25 17:13:00.020523', 8),
(3, 'CO2', 420, '2026-03-25 17:14:00.013516', 8),
(4, 'CO2', 427, '2026-03-25 17:15:00.020013', 8),
(5, 'CO2', 419, '2026-03-25 17:16:00.013321', 8),
(6, 'CO2', 394, '2026-03-25 17:17:00.005963', 8),
(7, 'CO2', 399, '2026-03-25 17:18:00.028865', 8),
(8, 'CO2', 392, '2026-03-25 17:19:00.022282', 8),
(9, 'CO2', 449, '2026-03-25 17:20:00.020410', 8),
(10, 'CO2', 374, '2026-03-25 17:21:00.018661', 8),
(11, 'CO2', 392, '2026-03-25 17:22:00.008989', 8),
(12, 'CO2', 422, '2026-03-25 17:23:00.025783', 8),
(13, 'CO2', 398, '2026-03-25 17:24:00.017459', 8),
(14, 'CO2', 391, '2026-03-25 17:25:00.022448', 8),
(15, 'CO2', 379, '2026-03-25 21:33:00.020203', 8),
(16, 'CO2', 432, '2026-03-25 21:34:00.025188', 8),
(17, 'CO2', 428, '2026-03-25 21:35:00.023955', 8),
(18, 'CO2', 393, '2026-03-25 21:36:00.029243', 8),
(19, 'CO2', 410, '2026-03-25 21:37:00.026621', 8),
(20, 'CO2', 376, '2026-03-25 21:38:00.026458', 8),
(21, 'CO2', 396, '2026-03-25 21:39:00.022084', 8),
(22, 'CO2', 433, '2026-03-25 21:40:00.024417', 8),
(23, 'CO2', 404, '2026-03-25 21:41:00.025744', 8),
(24, 'CO2', 365, '2026-03-25 21:42:00.032342', 8),
(25, 'CO2', 389, '2026-03-25 21:43:00.014465', 8),
(26, 'CO2', 403, '2026-03-25 21:44:00.021258', 8),
(27, 'CO2', 419, '2026-03-25 21:45:00.013059', 8),
(28, 'CO2', 398, '2026-03-25 21:46:00.014663', 8),
(29, 'CO2', 437, '2026-03-25 21:47:00.008367', 8),
(30, 'CO2', 370, '2026-03-25 21:48:00.019885', 8),
(31, 'CO2', 442, '2026-03-25 21:49:00.022425', 8),
(32, 'CO2', 393, '2026-03-25 21:50:00.024129', 8),
(33, 'CO2', 430, '2026-03-25 21:51:00.009741', 8),
(34, 'CO2', 439, '2026-03-25 21:52:00.008728', 8),
(35, 'CO2', 439, '2026-03-25 21:53:00.012533', 8),
(36, 'CO2', 385, '2026-03-25 21:54:00.005476', 8),
(37, 'CO2', 433, '2026-03-25 21:55:00.024525', 8),
(38, 'CO2', 450, '2026-03-25 21:56:00.030586', 8),
(39, 'CO2', 360, '2026-03-25 21:57:00.016681', 8),
(40, 'CO2', 448, '2026-03-25 21:58:00.023978', 8),
(41, 'CO2', 382, '2026-03-25 21:59:00.034650', 8),
(42, 'CO2', 410, '2026-03-25 22:00:00.022624', 8),
(43, 'CO2', 414, '2026-03-25 22:01:00.023042', 8),
(44, 'CO2', 399, '2026-03-25 22:02:00.014942', 8),
(45, 'CO2', 424, '2026-03-25 22:03:00.040644', 8),
(46, 'CO2', 399, '2026-03-25 22:04:00.032910', 8),
(47, 'CO2', 426, '2026-03-25 22:05:00.035709', 8),
(48, 'CO2', 416, '2026-03-25 22:06:00.053267', 8),
(49, 'CO2', 437, '2026-03-25 22:07:00.056562', 8),
(50, 'CO2', 411, '2026-03-25 22:08:00.041790', 8),
(51, 'CO2', 391, '2026-03-25 22:09:00.035674', 8),
(52, 'CO2', 356, '2026-03-25 22:10:00.039115', 8),
(53, 'CO2', 437, '2026-03-25 22:11:00.064811', 8),
(54, 'CO2', 374, '2026-03-25 22:12:00.016852', 8),
(55, 'CO2', 350, '2026-03-25 22:13:00.030723', 8),
(56, 'CO2', 441, '2026-03-25 22:14:00.017611', 8),
(57, 'CO2', 361, '2026-03-25 22:15:00.016851', 8),
(58, 'CO2', 356, '2026-03-25 22:16:00.011358', 8),
(59, 'CO2', 449, '2026-03-25 22:17:00.016238', 8),
(60, 'CO2', 400, '2026-03-25 22:18:00.014151', 8),
(61, 'CO2', 397, '2026-03-25 22:19:00.012962', 8),
(62, 'CO2', 370, '2026-03-25 22:20:00.012794', 8),
(63, 'CO2', 433, '2026-03-25 22:21:00.012878', 8),
(64, 'CO2', 443, '2026-03-25 22:22:00.014518', 8),
(65, 'CO2', 447, '2026-03-25 22:23:00.018234', 8),
(66, 'CO2', 378, '2026-03-25 22:27:00.027834', 8),
(67, 'CO2', 381, '2026-03-25 22:28:00.022926', 8),
(68, 'CO2', 416, '2026-03-25 22:29:00.007090', 8),
(69, 'CO2', 412, '2026-03-25 22:30:00.009166', 8),
(70, 'CO2', 398, '2026-03-25 22:31:00.018323', 8),
(71, 'CO2', 410, '2026-03-25 22:32:00.009607', 8),
(72, 'CO2', 435, '2026-03-25 22:33:00.018651', 8),
(73, 'CO2', 385, '2026-03-25 22:34:00.029645', 8),
(74, 'CO2', 389, '2026-03-25 22:44:00.009210', 8),
(75, 'CO2', 363, '2026-03-25 22:45:00.011112', 8),
(76, 'CO2', 355, '2026-03-25 22:46:00.025634', 8),
(77, 'CO2', 410, '2026-03-25 22:47:00.005499', 8),
(78, 'TEMP', 25, '2026-03-25 22:47:17.441320', 1),
(79, 'CO2', 389, '2026-03-25 22:48:00.008065', 8),
(80, 'CO2', 432, '2026-03-25 22:49:00.012082', 8),
(81, 'CO2', 390, '2026-03-25 22:50:00.018292', 8),
(82, 'CO2', 389, '2026-03-25 22:51:00.007671', 8),
(83, 'CO2', 372, '2026-03-25 22:52:00.016885', 8),
(84, 'CO2', 450, '2026-03-25 22:53:00.004539', 8),
(85, 'CO2', 351, '2026-03-25 22:54:00.013379', 8),
(86, 'CO2', 429, '2026-03-25 22:55:00.029246', 8),
(87, 'CO2', 436, '2026-03-25 22:56:00.005337', 8),
(88, 'HUMI', 40, '2026-03-25 22:56:15.803255', 2),
(89, 'CO2', 384, '2026-03-25 22:57:00.021874', 8),
(90, 'CO2', 414, '2026-03-25 22:58:00.024482', 8),
(91, 'HUMI', 40, '2026-03-25 22:58:57.537698', 2),
(92, 'CO2', 443, '2026-03-25 22:59:00.021031', 8),
(93, 'CO2', 389, '2026-03-25 23:00:00.019919', 8),
(94, 'CO2', 394, '2026-03-25 23:01:00.012525', 8),
(95, 'CO2', 366, '2026-03-25 23:02:00.006734', 8),
(96, 'CO2', 391, '2026-03-25 23:03:00.009208', 8),
(97, 'CO2', 420, '2026-03-25 23:04:00.005578', 8),
(98, 'CO2', 404, '2026-03-25 23:05:00.029045', 8),
(99, 'CO2', 384, '2026-03-25 23:06:00.019209', 8),
(100, 'CO2', 445, '2026-03-25 23:07:00.017253', 8),
(101, 'CO2', 440, '2026-03-25 23:08:00.020298', 8),
(102, 'CO2', 351, '2026-03-25 23:09:00.009839', 8),
(103, 'CO2', 449, '2026-03-25 23:18:00.016530', 8),
(104, 'CO2', 381, '2026-03-25 23:19:00.029730', 8),
(105, 'CO2', 448, '2026-03-25 23:20:00.008656', 8),
(106, 'CO2', 403, '2026-03-25 23:21:00.024286', 8),
(107, 'CO2', 354, '2026-03-25 23:22:00.013991', 8),
(108, 'CO2', 393, '2026-03-25 23:23:00.010772', 8),
(109, 'CO2', 415, '2026-03-25 23:24:00.017351', 8),
(110, 'CO2', 404, '2026-03-25 23:25:00.020599', 8),
(111, 'CO2', 427, '2026-03-26 12:27:00.038108', 8),
(112, 'CO2', 353, '2026-03-26 12:28:00.021847', 8),
(113, 'CO2', 437, '2026-03-26 12:29:00.023198', 8),
(114, 'CO2', 402, '2026-03-26 12:30:00.005963', 8),
(115, 'CO2', 406, '2026-03-26 12:31:00.006939', 8),
(116, 'CO2', 429, '2026-03-26 12:32:00.010154', 8),
(117, 'CO2', 413, '2026-03-26 12:33:00.018614', 8),
(118, 'CO2', 357, '2026-03-26 12:34:00.023272', 8),
(119, 'CO2', 360, '2026-03-26 12:35:00.007937', 8),
(120, 'CO2', 444, '2026-03-26 12:36:00.021494', 8),
(121, 'CO2', 402, '2026-03-26 12:37:00.023039', 8),
(122, 'CO2', 401, '2026-03-26 12:38:00.023094', 8),
(123, 'CO2', 402, '2026-03-26 12:39:00.014507', 8),
(124, 'CO2', 399, '2026-03-26 12:40:00.024808', 8),
(125, 'CO2', 392, '2026-03-26 12:41:00.021870', 8),
(126, 'CO2', 423, '2026-03-26 12:42:00.024461', 8),
(127, 'CO2', 385, '2026-03-26 12:43:00.009991', 8),
(128, 'CO2', 379, '2026-03-26 12:44:00.008679', 8),
(129, 'CO2', 445, '2026-03-26 12:45:00.022295', 8),
(130, 'CO2', 393, '2026-03-26 12:46:00.007863', 8),
(131, 'CO2', 443, '2026-03-26 12:47:00.018116', 8),
(132, 'CO2', 401, '2026-03-26 12:48:00.005518', 8),
(133, 'CO2', 414, '2026-03-26 12:49:00.019902', 8),
(134, 'CO2', 404, '2026-03-26 13:03:00.012331', 8),
(135, 'CO2', 364, '2026-03-26 13:04:00.012723', 8),
(136, 'CO2', 365, '2026-03-26 13:05:00.020315', 8),
(137, 'CO2', 402, '2026-03-26 13:06:00.023496', 8),
(138, 'CO2', 394, '2026-03-26 13:07:00.029844', 8),
(139, 'CO2', 375, '2026-03-26 13:08:00.006521', 8),
(140, 'CO2', 398, '2026-03-26 13:09:00.036631', 8),
(141, 'CO2', 367, '2026-03-26 13:10:00.024609', 8),
(142, 'CO2', 420, '2026-03-26 13:11:00.008415', 8),
(143, 'CO2', 387, '2026-03-26 13:12:00.010401', 8),
(144, 'CO2', 397, '2026-03-26 13:13:00.015004', 8),
(145, 'CO2', 406, '2026-03-26 13:14:00.021299', 8),
(146, 'CO2', 368, '2026-03-26 13:15:00.034900', 8),
(147, 'CO2', 408, '2026-03-26 13:16:00.018963', 8),
(148, 'CO2', 397, '2026-03-26 13:17:00.032565', 8),
(149, 'CO2', 363, '2026-03-26 13:18:00.030905', 8),
(150, 'CO2', 362, '2026-03-26 13:19:00.032739', 8),
(151, 'CO2', 360, '2026-03-26 13:20:00.025972', 8),
(152, 'CO2', 433, '2026-03-26 13:21:00.026979', 8),
(153, 'CO2', 440, '2026-03-26 13:22:00.026268', 8),
(154, 'CO2', 395, '2026-03-26 13:23:00.021476', 8),
(155, 'CO2', 437, '2026-03-26 13:24:00.023496', 8),
(156, 'CO2', 351, '2026-03-26 13:25:00.003411', 8),
(157, 'CO2', 414, '2026-03-26 13:26:00.012191', 8),
(158, 'CO2', 358, '2026-03-26 13:27:00.012208', 8),
(159, 'CO2', 412, '2026-03-26 13:28:00.013332', 8),
(160, 'TEMP', 25, '2026-03-26 13:28:20.015565', 1),
(161, 'CO2', 391, '2026-03-26 13:29:00.011780', 8),
(162, 'CO2', 399, '2026-03-26 13:30:00.022104', 8),
(163, 'CO2', 360, '2026-03-26 13:31:00.019867', 8),
(164, 'CO2', 380, '2026-03-26 13:32:00.022820', 8),
(165, 'CO2', 436, '2026-03-26 13:33:00.007304', 8),
(166, 'CO2', 356, '2026-03-26 13:34:00.024012', 8),
(167, 'CO2', 450, '2026-03-26 13:35:00.023847', 8),
(168, 'CO2', 376, '2026-03-26 13:36:00.011347', 8),
(169, 'CO2', 411, '2026-03-26 13:37:00.010713', 8),
(170, 'CO2', 375, '2026-03-26 13:38:00.015349', 8),
(171, 'CO2', 447, '2026-03-26 13:39:00.022266', 8),
(172, 'CO2', 371, '2026-03-26 13:40:00.004347', 8),
(173, 'CO2', 370, '2026-03-26 13:41:00.010681', 8),
(174, 'CO2', 419, '2026-03-26 13:42:00.025566', 8),
(175, 'CO2', 355, '2026-03-26 13:43:00.010428', 8),
(176, 'CO2', 441, '2026-03-26 13:44:00.007009', 8),
(177, 'CO2', 395, '2026-03-26 13:45:00.017932', 8),
(178, 'CO2', 396, '2026-03-26 13:46:00.015712', 8),
(179, 'CO2', 432, '2026-03-26 13:47:00.021756', 8),
(180, 'CO2', 373, '2026-03-26 13:48:00.023979', 8),
(181, 'CO2', 409, '2026-03-26 13:49:00.013405', 8),
(182, 'CO2', 448, '2026-03-26 13:50:00.011085', 8),
(183, 'CO2', 403, '2026-03-26 13:51:00.005851', 8),
(184, 'CO2', 440, '2026-03-26 13:52:00.016344', 8),
(185, 'CO2', 352, '2026-03-26 13:53:00.004653', 8),
(186, 'CO2', 395, '2026-03-26 13:54:00.014172', 8),
(187, 'CO2', 443, '2026-03-26 13:55:00.013549', 8),
(188, 'TEMP', 12, '2026-03-26 13:55:36.425322', 1),
(189, 'CO2', 359, '2026-03-26 13:56:00.010854', 8),
(190, 'CO2', 435, '2026-03-26 14:15:00.039209', 8),
(191, 'CO2', 386, '2026-03-26 14:16:00.015323', 8),
(192, 'CO2', 432, '2026-03-26 14:17:00.019021', 8),
(193, 'CO2', 420, '2026-03-26 14:18:00.023558', 8),
(194, 'TEMP', 31.9, '2026-03-26 14:18:10.875442', 1),
(195, 'HUMI', 54.5, '2026-03-26 14:18:10.891897', 2),
(196, 'HUMI', 54.4, '2026-03-26 14:18:21.508518', 2),
(197, 'TEMP', 31.9, '2026-03-26 14:18:21.529927', 1),
(198, 'TEMP', 32, '2026-03-26 14:18:31.965494', 1),
(199, 'HUMI', 54.4, '2026-03-26 14:18:31.965753', 2),
(200, 'HUMI', 54.5, '2026-03-26 14:18:42.651053', 2),
(201, 'TEMP', 32, '2026-03-26 14:18:42.651330', 1),
(202, 'TEMP', 31.9, '2026-03-26 14:18:52.951263', 1),
(203, 'HUMI', 54.8, '2026-03-26 14:18:52.951507', 2),
(204, 'CO2', 389, '2026-03-26 14:19:00.024115', 8),
(205, 'TEMP', 32, '2026-03-26 14:19:03.595766', 1),
(206, 'HUMI', 54.6, '2026-03-26 14:19:03.596105', 2),
(207, 'TEMP', 32, '2026-03-26 14:19:13.927966', 1),
(208, 'HUMI', 54.4, '2026-03-26 14:19:13.928691', 2),
(209, 'TEMP', 32, '2026-03-26 14:19:24.492113', 1),
(210, 'HUMI', 54.5, '2026-03-26 14:19:24.492416', 2),
(211, 'TEMP', 32, '2026-03-26 14:19:35.030874', 1),
(212, 'HUMI', 54.5, '2026-03-26 14:19:35.031306', 2),
(213, 'TEMP', 32, '2026-03-26 14:19:45.568118', 1),
(214, 'TEMP', 32, '2026-03-26 14:19:56.136054', 1),
(215, 'CO2', 416, '2026-03-26 14:20:00.023134', 8),
(216, 'TEMP', 32, '2026-03-26 14:20:06.660640', 1),
(217, 'CO2', 419, '2026-03-26 14:21:00.015578', 8),
(218, 'CO2', 360, '2026-03-26 14:22:00.016196', 8),
(219, 'TEMP', 32.5, '2026-03-26 14:46:34.471959', 1),
(220, 'HUMI', 53.9, '2026-03-26 14:46:34.474371', 2),
(221, 'TEMP', 32.5, '2026-03-26 14:46:44.900491', 1),
(222, 'HUMI', 53.7, '2026-03-26 14:46:44.900685', 2),
(223, 'HUMI', 53.8, '2026-03-26 14:46:55.546578', 2),
(224, 'TEMP', 32.5, '2026-03-26 14:46:55.547403', 1),
(225, 'CO2', 409, '2026-03-26 14:47:00.023556', 8),
(226, 'TEMP', 32.5, '2026-03-26 14:47:05.894817', 1),
(227, 'HUMI', 53.6, '2026-03-26 14:47:05.917344', 2),
(228, 'TEMP', 32.5, '2026-03-26 14:47:16.553259', 1),
(229, 'HUMI', 53.5, '2026-03-26 14:47:16.554654', 2),
(230, 'HUMI', 53.4, '2026-03-26 14:47:26.924959', 2),
(231, 'TEMP', 32.5, '2026-03-26 14:47:26.929269', 1),
(232, 'CO2', 379, '2026-03-26 14:48:00.025807', 8),
(233, 'HUMI', 53.3, '2026-03-26 14:48:09.089848', 2),
(234, 'TEMP', 32.5, '2026-03-26 14:48:09.090077', 1),
(235, 'TEMP', 32.5, '2026-03-26 14:48:19.609883', 1),
(236, 'HUMI', 53.6, '2026-03-26 14:48:30.117485', 2),
(237, 'TEMP', 32.5, '2026-03-26 14:48:30.117912', 1),
(238, 'TEMP', 32.5, '2026-03-26 14:48:40.541115', 1),
(239, 'HUMI', 53.6, '2026-03-26 14:48:40.541813', 2),
(240, 'CO2', 357, '2026-03-26 14:49:00.030493', 8),
(241, 'TEMP', 32.5, '2026-03-26 14:49:33.126551', 1),
(242, 'TEMP', 32.6, '2026-03-26 14:49:43.671034', 1),
(243, 'HUMI', 53.6, '2026-03-26 14:49:54.226490', 2),
(244, 'TEMP', 32.5, '2026-03-26 14:49:54.227100', 1),
(245, 'CO2', 421, '2026-03-26 14:50:00.009318', 8),
(246, 'TEMP', 32.5, '2026-03-26 14:50:04.773352', 1),
(247, 'HUMI', 53.7, '2026-03-26 14:50:04.773776', 2),
(248, 'TEMP', 32.5, '2026-03-26 14:50:15.212398', 1),
(249, 'HUMI', 53.5, '2026-03-26 14:50:15.212406', 2),
(250, 'TEMP', 32.5, '2026-03-26 14:50:25.781643', 1),
(251, 'HUMI', 53.4, '2026-03-26 14:50:25.782088', 2),
(252, 'TEMP', 32.5, '2026-03-26 14:50:36.317334', 1),
(253, 'HUMI', 53.5, '2026-03-26 14:50:36.317553', 2),
(254, 'TEMP', 32.6, '2026-03-26 14:50:46.866980', 1),
(255, 'HUMI', 53.4, '2026-03-26 14:50:46.867520', 2),
(256, 'TEMP', 32.6, '2026-03-26 14:50:57.177137', 1),
(257, 'HUMI', 53.4, '2026-03-26 14:50:57.263861', 2),
(258, 'CO2', 393, '2026-03-26 14:51:00.016626', 8),
(259, 'TEMP', 32.6, '2026-03-26 14:51:07.846136', 1),
(260, 'HUMI', 53.4, '2026-03-26 14:51:07.846165', 2),
(261, 'HUMI', 53.4, '2026-03-26 14:51:18.203369', 2),
(262, 'TEMP', 32.6, '2026-03-26 14:51:18.208874', 1),
(263, 'TEMP', 32.6, '2026-03-26 14:51:28.913575', 1),
(264, 'HUMI', 53.4, '2026-03-26 14:51:28.913926', 2),
(265, 'TEMP', 32.6, '2026-03-26 14:51:39.253756', 1),
(266, 'HUMI', 53.6, '2026-03-26 14:51:39.254141', 2),
(267, 'TEMP', 32.6, '2026-03-26 14:51:49.872808', 1),
(268, 'HUMI', 53.5, '2026-03-26 14:51:49.873484', 2),
(269, 'CO2', 424, '2026-03-26 14:52:00.016741', 8),
(270, 'HUMI', 53.4, '2026-03-26 14:52:00.391521', 2),
(271, 'TEMP', 32.6, '2026-03-26 14:52:00.406079', 1),
(272, 'TEMP', 32.6, '2026-03-26 14:52:10.841935', 1),
(273, 'HUMI', 53.2, '2026-03-26 14:52:10.842636', 2),
(274, 'TEMP', 32.6, '2026-03-26 14:52:21.574841', 1),
(275, 'HUMI', 53.1, '2026-03-26 14:52:21.575183', 2),
(276, 'TEMP', 32.6, '2026-03-26 14:52:32.020710', 1),
(277, 'HUMI', 53.4, '2026-03-26 14:52:32.020705', 2),
(278, 'TEMP', 32.6, '2026-03-26 14:52:42.365678', 1),
(279, 'HUMI', 53.4, '2026-03-26 14:52:42.365812', 2),
(280, 'HUMI', 53.4, '2026-03-26 14:52:52.898826', 2),
(281, 'TEMP', 32.6, '2026-03-26 14:52:52.914918', 1),
(282, 'CO2', 365, '2026-03-26 14:53:00.024293', 8),
(283, 'HUMI', 53.3, '2026-03-26 14:53:03.631785', 2),
(284, 'TEMP', 32.6, '2026-03-26 14:53:03.632139', 1),
(285, 'TEMP', 32.6, '2026-03-26 14:53:13.931167', 1),
(286, 'HUMI', 53.2, '2026-03-26 14:53:13.931262', 2),
(287, 'TEMP', 32.6, '2026-03-26 14:53:24.476517', 1),
(288, 'HUMI', 53.8, '2026-03-26 14:53:24.477077', 2),
(289, 'TEMP', 32.7, '2026-03-26 14:53:34.943042', 1),
(290, 'HUMI', 53.7, '2026-03-26 14:53:34.943145', 2),
(291, 'TEMP', 32.7, '2026-03-26 14:53:45.411191', 1),
(292, 'TEMP', 32.7, '2026-03-26 14:53:55.959519', 1),
(293, 'CO2', 395, '2026-03-26 14:54:00.024160', 8),
(294, 'TEMP', 32.7, '2026-03-26 14:54:17.057759', 1),
(295, 'HUMI', 53.1, '2026-03-26 14:54:17.058343', 2),
(296, 'HUMI', 53, '2026-03-26 14:54:27.500349', 2),
(297, 'TEMP', 32.7, '2026-03-26 14:54:27.500588', 1),
(298, 'TEMP', 32.7, '2026-03-26 14:54:38.062088', 1),
(299, 'HUMI', 53.1, '2026-03-26 14:54:38.062569', 2),
(300, 'TEMP', 32.7, '2026-03-26 14:54:48.489489', 1),
(301, 'HUMI', 53, '2026-03-26 14:54:48.489624', 2),
(302, 'TEMP', 32.7, '2026-03-26 14:54:59.060012', 1),
(303, 'HUMI', 53, '2026-03-26 14:54:59.060282', 2),
(304, 'CO2', 395, '2026-03-26 14:55:00.013442', 8),
(305, 'HUMI', 53.1, '2026-03-26 14:55:09.624503', 2),
(306, 'TEMP', 32.7, '2026-03-26 14:55:09.625326', 1),
(307, 'TEMP', 32.7, '2026-03-26 14:55:20.021238', 1),
(308, 'HUMI', 53.2, '2026-03-26 14:55:20.136411', 2),
(309, 'TEMP', 32.7, '2026-03-26 14:55:30.507120', 1),
(310, 'HUMI', 53.2, '2026-03-26 14:55:30.507766', 2),
(311, 'TEMP', 32.7, '2026-03-26 14:55:41.075760', 1),
(312, 'HUMI', 53.2, '2026-03-26 14:55:41.075842', 2),
(313, 'HUMI', 53.5, '2026-03-26 14:55:51.608023', 2),
(314, 'TEMP', 32.7, '2026-03-26 14:55:51.608477', 1),
(315, 'CO2', 411, '2026-03-26 14:56:00.020344', 8),
(316, 'TEMP', 32.7, '2026-03-26 14:56:02.278852', 1),
(317, 'HUMI', 53.8, '2026-03-26 14:56:02.278818', 2),
(318, 'TEMP', 32.7, '2026-03-26 14:56:12.711718', 1),
(319, 'HUMI', 53.7, '2026-03-26 14:56:12.712645', 2),
(320, 'TEMP', 32.7, '2026-03-26 14:56:23.352290', 1),
(321, 'HUMI', 53.9, '2026-03-26 14:56:23.352977', 2),
(322, 'TEMP', 32.7, '2026-03-26 14:56:33.681546', 1),
(323, 'HUMI', 53.8, '2026-03-26 14:56:33.681640', 2),
(324, 'TEMP', 32.7, '2026-03-26 14:56:44.091993', 1),
(325, 'HUMI', 53.8, '2026-03-26 14:56:44.110236', 2),
(326, 'TEMP', 32.7, '2026-03-26 14:56:54.807783', 1),
(327, 'HUMI', 53.8, '2026-03-26 14:56:54.807986', 2),
(328, 'CO2', 426, '2026-03-26 14:57:00.020716', 8),
(329, 'HUMI', 53.8, '2026-03-26 14:57:05.250675', 2),
(330, 'TEMP', 32.6, '2026-03-26 14:57:05.250783', 1),
(331, 'HUMI', 53.8, '2026-03-26 14:57:15.699888', 2),
(332, 'TEMP', 32.7, '2026-03-26 14:57:15.700225', 1),
(333, 'HUMI', 54, '2026-03-26 14:57:26.444822', 2),
(334, 'TEMP', 32.6, '2026-03-26 14:57:26.445244', 1),
(335, 'TEMP', 32.6, '2026-03-26 14:57:36.767022', 1),
(336, 'TEMP', 32.6, '2026-03-26 14:57:57.781979', 1),
(337, 'HUMI', 53.8, '2026-03-26 14:57:57.782136', 2),
(338, 'CO2', 366, '2026-03-26 14:58:00.015637', 8),
(339, 'TEMP', 32.6, '2026-03-26 14:58:08.398700', 1),
(340, 'HUMI', 53.4, '2026-03-26 14:58:18.735800', 2),
(341, 'TEMP', 32.6, '2026-03-26 14:58:18.737594', 1),
(342, 'TEMP', 32.7, '2026-03-26 14:58:29.287076', 1),
(343, 'HUMI', 53.3, '2026-03-26 14:58:29.287141', 2),
(344, 'CO2', 417, '2026-03-26 14:59:00.008737', 8),
(345, 'CO2', 365, '2026-03-26 15:00:00.009421', 8),
(346, 'CO2', 362, '2026-03-26 15:01:00.010409', 8),
(347, 'CO2', 399, '2026-03-26 15:02:00.025947', 8),
(348, 'CO2', 378, '2026-03-26 15:03:00.010250', 8),
(349, 'CO2', 384, '2026-03-26 15:04:00.017349', 8),
(350, 'CO2', 442, '2026-03-26 15:05:00.020422', 8),
(351, 'CO2', 449, '2026-03-26 15:06:00.024525', 8),
(352, 'CO2', 420, '2026-03-26 15:07:00.033240', 8),
(353, 'CO2', 411, '2026-03-26 15:08:00.013240', 8),
(354, 'CO2', 411, '2026-03-26 15:09:00.012024', 8),
(355, 'TEMP', 32.5, '2026-03-26 15:09:21.167753', 1),
(356, 'HUMI', 55, '2026-03-26 15:09:21.167927', 2),
(357, 'HUMI', 55, '2026-03-26 15:09:31.494726', 2),
(358, 'TEMP', 32.5, '2026-03-26 15:09:31.495081', 1),
(359, 'HUMI', 55.1, '2026-03-26 15:09:42.056690', 2),
(360, 'TEMP', 32.5, '2026-03-26 15:09:42.056792', 1),
(361, 'TEMP', 32.5, '2026-03-26 15:09:52.596653', 1),
(362, 'HUMI', 55.4, '2026-03-26 15:09:52.597111', 2),
(363, 'CO2', 364, '2026-03-26 15:10:00.011317', 8),
(364, 'HUMI', 55.5, '2026-03-26 15:10:03.097251', 2),
(365, 'TEMP', 32.5, '2026-03-26 15:10:03.103048', 1),
(366, 'HUMI', 55.4, '2026-03-26 15:10:13.576759', 2),
(367, 'TEMP', 32.5, '2026-03-26 15:10:13.576959', 1),
(368, 'HUMI', 55.4, '2026-03-26 15:10:24.141977', 2),
(369, 'TEMP', 32.5, '2026-03-26 15:10:24.142611', 1),
(370, 'HUMI', 55.2, '2026-03-26 15:10:34.696126', 2),
(371, 'TEMP', 32.5, '2026-03-26 15:10:34.696195', 1),
(372, 'HUMI', 55.1, '2026-03-26 15:10:45.116624', 2),
(373, 'TEMP', 32.5, '2026-03-26 15:10:45.160412', 1),
(374, 'TEMP', 32.5, '2026-03-26 15:10:55.807359', 1),
(375, 'HUMI', 55.1, '2026-03-26 15:10:55.807837', 2),
(376, 'CO2', 431, '2026-03-26 15:11:00.015500', 8),
(377, 'TEMP', 32.5, '2026-03-26 15:11:06.113606', 1),
(378, 'HUMI', 55.1, '2026-03-26 15:11:06.113744', 2),
(379, 'HUMI', 55.1, '2026-03-26 15:11:16.675990', 2),
(380, 'TEMP', 32.4, '2026-03-26 15:11:16.676010', 1),
(381, 'TEMP', 32.4, '2026-03-26 15:11:27.420540', 1),
(382, 'HUMI', 55.2, '2026-03-26 15:11:27.420853', 2),
(383, 'TEMP', 32.4, '2026-03-26 15:11:37.676797', 1),
(384, 'HUMI', 55.1, '2026-03-26 15:11:37.676801', 2),
(385, 'HUMI', 55.2, '2026-03-26 15:11:48.204572', 2),
(386, 'TEMP', 32.4, '2026-03-26 15:11:48.204723', 1),
(387, 'TEMP', 32.4, '2026-03-26 15:11:58.768217', 1),
(388, 'HUMI', 55.2, '2026-03-26 15:11:58.768349', 2),
(389, 'CO2', 368, '2026-03-26 15:12:00.020769', 8),
(390, 'HUMI', 55.2, '2026-03-26 15:12:09.391081', 2),
(391, 'TEMP', 32.4, '2026-03-26 15:12:09.391246', 1),
(392, 'TEMP', 32.4, '2026-03-26 15:12:19.737359', 1),
(393, 'HUMI', 55.2, '2026-03-26 15:12:19.737384', 2),
(394, 'HUMI', 55.2, '2026-03-26 15:12:30.175800', 2),
(395, 'TEMP', 32.4, '2026-03-26 15:12:30.175974', 1),
(396, 'TEMP', 32.4, '2026-03-26 15:12:40.723898', 1),
(397, 'HUMI', 55.3, '2026-03-26 15:12:40.724462', 2),
(398, 'HUMI', 55.2, '2026-03-26 15:12:51.322572', 2),
(399, 'TEMP', 32.3, '2026-03-26 15:12:51.322698', 1),
(400, 'CO2', 434, '2026-03-26 15:13:00.006700', 8),
(401, 'HUMI', 55.2, '2026-03-26 15:13:01.823248', 2),
(402, 'TEMP', 32.3, '2026-03-26 15:13:01.823445', 1),
(403, 'HUMI', 55.2, '2026-03-26 15:13:12.274343', 2),
(404, 'TEMP', 32.3, '2026-03-26 15:13:12.274528', 1),
(405, 'TEMP', 32.3, '2026-03-26 15:13:22.809136', 1),
(406, 'HUMI', 55.4, '2026-03-26 15:13:22.810010', 2),
(407, 'TEMP', 32.3, '2026-03-26 15:13:33.258868', 1),
(408, 'HUMI', 55.4, '2026-03-26 15:13:33.258917', 2),
(409, 'HUMI', 55.3, '2026-03-26 15:13:44.005385', 2),
(410, 'TEMP', 32.3, '2026-03-26 15:13:44.005536', 1),
(411, 'TEMP', 32.3, '2026-03-26 15:13:54.361111', 1),
(412, 'HUMI', 55.3, '2026-03-26 15:13:54.361525', 2),
(413, 'CO2', 376, '2026-03-26 15:14:00.012743', 8),
(414, 'TEMP', 32.3, '2026-03-26 15:14:04.784709', 1),
(415, 'HUMI', 55.2, '2026-03-26 15:14:04.785781', 2),
(416, 'TEMP', 32.4, '2026-03-26 15:14:15.343116', 1),
(417, 'HUMI', 55.3, '2026-03-26 15:14:15.343412', 2),
(418, 'HUMI', 55.1, '2026-03-26 15:14:25.901472', 2),
(419, 'TEMP', 32.4, '2026-03-26 15:14:25.901637', 1),
(420, 'HUMI', 55.1, '2026-03-26 15:14:36.359378', 2),
(421, 'TEMP', 32.4, '2026-03-26 15:14:36.359379', 1),
(422, 'TEMP', 32.4, '2026-03-26 15:14:46.901390', 1),
(423, 'HUMI', 55.1, '2026-03-26 15:14:46.901615', 2),
(424, 'TEMP', 32.4, '2026-03-26 15:14:57.426021', 1),
(425, 'HUMI', 55, '2026-03-26 15:14:57.426077', 2),
(426, 'CO2', 358, '2026-03-26 15:15:00.015719', 8),
(427, 'HUMI', 55, '2026-03-26 15:15:07.995416', 2),
(428, 'TEMP', 32.4, '2026-03-26 15:15:07.995506', 1),
(429, 'TEMP', 32.4, '2026-03-26 15:15:18.437442', 1),
(430, 'HUMI', 55, '2026-03-26 15:15:18.450602', 2),
(431, 'HUMI', 55, '2026-03-26 15:15:28.968721', 2),
(432, 'TEMP', 32.4, '2026-03-26 15:15:28.968870', 1),
(433, 'TEMP', 32.4, '2026-03-26 15:15:39.372237', 1),
(434, 'HUMI', 55, '2026-03-26 15:15:39.372922', 2),
(435, 'TEMP', 32.4, '2026-03-26 15:15:49.961195', 1),
(436, 'HUMI', 55, '2026-03-26 15:15:49.961513', 2),
(437, 'CO2', 424, '2026-03-26 15:16:00.022798', 8),
(438, 'CO2', 427, '2026-03-26 15:17:00.015541', 8),
(439, 'TEMP', 32.4, '2026-03-26 15:17:29.769760', 1),
(440, 'HUMI', 55, '2026-03-26 15:17:30.010848', 2),
(441, 'TEMP', 32.3, '2026-03-26 15:17:41.194531', 1),
(442, 'HUMI', 54.9, '2026-03-26 15:17:41.523246', 2),
(443, 'TEMP', 32.4, '2026-03-26 15:17:52.269908', 1),
(444, 'HUMI', 54.9, '2026-03-26 15:17:52.546998', 2),
(445, 'CO2', 388, '2026-03-26 15:18:00.006866', 8),
(446, 'TEMP', 32.4, '2026-03-26 15:18:03.826926', 1),
(447, 'HUMI', 54.9, '2026-03-26 15:18:04.089522', 2),
(448, 'TEMP', 32.4, '2026-03-26 15:18:15.468032', 1),
(449, 'HUMI', 54.8, '2026-03-26 15:18:15.727094', 2),
(450, 'TEMP', 32.4, '2026-03-26 15:18:26.876061', 1),
(451, 'HUMI', 54.8, '2026-03-26 15:18:27.115933', 2),
(452, 'TEMP', 32.4, '2026-03-26 15:18:38.651365', 1),
(453, 'HUMI', 54.8, '2026-03-26 15:18:38.651950', 2),
(454, 'DOOR_SENSOR', 0, '2026-03-26 15:18:38.945754', 6),
(455, 'DOOR_SENSOR', 1, '2026-03-26 15:18:41.680654', 6),
(456, 'TEMP', 32.4, '2026-03-26 15:18:49.990685', 1),
(457, 'HUMI', 54.7, '2026-03-26 15:18:50.306418', 2),
(458, 'CO2', 407, '2026-03-26 15:19:00.013277', 8),
(459, 'TEMP', 32.4, '2026-03-26 15:19:01.328792', 1),
(460, 'HUMI', 54.7, '2026-03-26 15:19:01.565223', 2),
(461, 'TEMP', 32.4, '2026-03-26 15:19:12.969422', 1),
(462, 'HUMI', 54.7, '2026-03-26 15:19:13.185635', 2),
(463, 'TEMP', 32.5, '2026-03-26 15:19:24.385476', 1),
(464, 'HUMI', 54.6, '2026-03-26 15:19:24.623859', 2),
(465, 'TEMP', 32.5, '2026-03-26 15:19:35.742955', 1),
(466, 'HUMI', 54.7, '2026-03-26 15:19:35.984484', 2),
(467, 'TEMP', 32.5, '2026-03-26 15:19:47.225018', 1),
(468, 'HUMI', 54.7, '2026-03-26 15:19:47.458889', 2),
(469, 'TEMP', 32.5, '2026-03-26 15:19:58.400134', 1),
(470, 'HUMI', 54.6, '2026-03-26 15:19:58.414629', 2),
(471, 'CO2', 412, '2026-03-26 15:20:00.011741', 8),
(472, 'DOOR_SENSOR', 0, '2026-03-26 15:20:08.424704', 6),
(473, 'HUMI', 54.5, '2026-03-26 15:20:09.626377', 2),
(474, 'TEMP', 32.5, '2026-03-26 15:20:09.630048', 1),
(475, 'TEMP', 32.5, '2026-03-26 15:20:20.894272', 1),
(476, 'HUMI', 54.5, '2026-03-26 15:20:21.137629', 2),
(477, 'TEMP', 32.5, '2026-03-26 15:20:32.307691', 1),
(478, 'HUMI', 54.5, '2026-03-26 15:20:32.476525', 2),
(479, 'TEMP', 32.4, '2026-03-26 15:20:43.904563', 1),
(480, 'HUMI', 54.6, '2026-03-26 15:20:44.113263', 2),
(481, 'TEMP', 32.5, '2026-03-26 15:20:55.042232', 1),
(482, 'HUMI', 54.5, '2026-03-26 15:20:55.325657', 2),
(483, 'CO2', 399, '2026-03-26 15:21:00.011568', 8),
(484, 'HUMI', 54.6, '2026-03-26 15:21:06.340994', 2),
(485, 'TEMP', 32.5, '2026-03-26 15:21:06.357302', 1),
(486, 'TEMP', 32.5, '2026-03-26 15:21:17.405865', 1),
(487, 'HUMI', 54.6, '2026-03-26 15:21:17.651836', 2),
(488, 'TEMP', 32.5, '2026-03-26 15:21:28.948768', 1),
(489, 'HUMI', 54.5, '2026-03-26 15:21:29.225229', 2),
(490, 'DOOR_SENSOR', 1, '2026-03-26 15:21:38.008502', 6),
(491, 'TEMP', 32.5, '2026-03-26 15:21:40.161696', 1),
(492, 'HUMI', 54.5, '2026-03-26 15:21:40.406660', 2),
(493, 'TEMP', 32.5, '2026-03-26 15:21:51.588479', 1),
(494, 'HUMI', 54.5, '2026-03-26 15:21:51.823075', 2),
(495, 'CO2', 389, '2026-03-26 15:22:00.011656', 8),
(496, 'TEMP', 32.5, '2026-03-26 15:22:02.878240', 1),
(497, 'HUMI', 54.4, '2026-03-26 15:22:03.106844', 2),
(498, 'TEMP', 32.5, '2026-03-26 15:22:14.254385', 1),
(499, 'HUMI', 54.6, '2026-03-26 15:22:14.514526', 2),
(500, 'TEMP', 32.5, '2026-03-26 15:22:25.811265', 1),
(501, 'HUMI', 54.5, '2026-03-26 15:22:26.055833', 2),
(502, 'TEMP', 32.5, '2026-03-26 15:22:37.416871', 1),
(503, 'HUMI', 54.6, '2026-03-26 15:22:37.674223', 2),
(504, 'TEMP', 32.5, '2026-03-26 15:22:48.924686', 1),
(505, 'HUMI', 54.5, '2026-03-26 15:22:49.170373', 2),
(506, 'CO2', 439, '2026-03-26 15:23:00.013620', 8),
(507, 'TEMP', 32.6, '2026-03-26 15:23:00.353605', 1),
(508, 'HUMI', 54.6, '2026-03-26 15:23:00.594921', 2),
(509, 'TEMP', 32.5, '2026-03-26 15:23:11.615206', 1),
(510, 'HUMI', 54.5, '2026-03-26 15:23:11.890798', 2),
(511, 'DOOR_SENSOR', 0, '2026-03-26 15:23:13.553230', 6),
(512, 'TEMP', 32.6, '2026-03-26 15:23:22.955117', 1),
(513, 'HUMI', 54.4, '2026-03-26 15:23:23.192174', 2),
(514, 'TEMP', 32.6, '2026-03-26 15:23:34.571654', 1),
(515, 'HUMI', 54.4, '2026-03-26 15:23:34.820152', 2),
(516, 'DOOR_SENSOR', 1, '2026-03-26 15:23:35.112652', 6),
(517, 'DOOR_SENSOR', 0, '2026-03-26 15:23:36.136577', 6),
(518, 'DOOR_SENSOR', 1, '2026-03-26 15:23:36.827136', 6),
(519, 'TEMP', 32.6, '2026-03-26 15:23:45.773315', 1),
(520, 'HUMI', 54.4, '2026-03-26 15:23:46.016585', 2),
(521, 'TEMP', 32.6, '2026-03-26 15:23:57.101550', 1),
(522, 'HUMI', 54.5, '2026-03-26 15:23:57.337151', 2),
(523, 'CO2', 404, '2026-03-26 15:24:00.020463', 8),
(524, 'TEMP', 32.6, '2026-03-26 15:24:08.442815', 1),
(525, 'HUMI', 54.7, '2026-03-26 15:24:08.677690', 2),
(526, 'TEMP', 32.5, '2026-03-26 15:24:20.033849', 1),
(527, 'HUMI', 54.6, '2026-03-26 15:24:20.316902', 2),
(528, 'TEMP', 32.5, '2026-03-26 15:24:31.435944', 1),
(529, 'HUMI', 54.6, '2026-03-26 15:24:31.683094', 2),
(530, 'TEMP', 32.5, '2026-03-26 15:24:43.008419', 1),
(531, 'HUMI', 54.8, '2026-03-26 15:24:43.224948', 2),
(532, 'TEMP', 32.5, '2026-03-26 15:24:54.179179', 1),
(533, 'HUMI', 54.7, '2026-03-26 15:24:54.465926', 2),
(534, 'CO2', 417, '2026-03-26 15:25:00.021519', 8),
(535, 'TEMP', 32.5, '2026-03-26 15:25:05.629303', 1),
(536, 'HUMI', 54.6, '2026-03-26 15:25:05.881185', 2),
(537, 'TEMP', 32.5, '2026-03-26 15:25:16.899411', 1),
(538, 'HUMI', 54.6, '2026-03-26 15:25:17.169498', 2),
(539, 'TEMP', 32.5, '2026-03-26 15:25:28.517468', 1),
(540, 'HUMI', 54.6, '2026-03-26 15:25:28.757828', 2),
(541, 'TEMP', 32.5, '2026-03-26 15:25:39.913472', 1),
(542, 'HUMI', 54.6, '2026-03-26 15:25:40.129635', 2),
(543, 'TEMP', 32.5, '2026-03-26 15:25:51.308636', 1),
(544, 'HUMI', 54.7, '2026-03-26 15:25:51.586805', 2),
(545, 'CO2', 429, '2026-03-26 15:26:00.015775', 8),
(546, 'TEMP', 32.5, '2026-03-26 15:26:02.656465', 1),
(547, 'HUMI', 54.7, '2026-03-26 15:26:02.911303', 2),
(548, 'TEMP', 32.5, '2026-03-26 15:26:14.046996', 1),
(549, 'HUMI', 54.7, '2026-03-26 15:26:14.316366', 2),
(550, 'TEMP', 32.5, '2026-03-26 15:26:25.421361', 1),
(551, 'HUMI', 54.7, '2026-03-26 15:26:25.690365', 2),
(552, 'TEMP', 32.4, '2026-03-26 15:26:37.010570', 1),
(553, 'HUMI', 54.8, '2026-03-26 15:26:37.242282', 2),
(554, 'TEMP', 32.4, '2026-03-26 15:26:48.441701', 1),
(555, 'HUMI', 54.8, '2026-03-26 15:26:48.642203', 2),
(556, 'TEMP', 32.4, '2026-03-26 15:26:59.821978', 1),
(557, 'CO2', 407, '2026-03-26 15:27:00.013832', 8),
(558, 'TEMP', 32.4, '2026-03-26 15:27:11.088520', 1),
(559, 'HUMI', 54.9, '2026-03-26 15:27:11.326238', 2),
(560, 'TEMP', 32.4, '2026-03-26 15:27:22.332116', 1),
(561, 'HUMI', 54.9, '2026-03-26 15:27:22.615981', 2),
(562, 'TEMP', 32.4, '2026-03-26 15:27:33.887732', 1),
(563, 'HUMI', 54.9, '2026-03-26 15:27:34.144205', 2),
(564, 'TEMP', 32.4, '2026-03-26 15:27:45.333288', 1),
(565, 'HUMI', 54.9, '2026-03-26 15:27:45.575860', 2),
(566, 'TEMP', 32.4, '2026-03-26 15:27:56.749474', 1),
(567, 'HUMI', 54.8, '2026-03-26 15:27:57.029026', 2),
(568, 'CO2', 377, '2026-03-26 15:28:00.014128', 8),
(569, 'TEMP', 32.4, '2026-03-26 15:28:08.315270', 1),
(570, 'HUMI', 54.8, '2026-03-26 15:28:08.565382', 2),
(571, 'TEMP', 32.4, '2026-03-26 15:28:19.904099', 1),
(572, 'HUMI', 54.8, '2026-03-26 15:28:20.150284', 2),
(573, 'TEMP', 32.4, '2026-03-26 15:28:31.361661', 1),
(574, 'HUMI', 54.8, '2026-03-26 15:28:31.630504', 2),
(575, 'TEMP', 32.4, '2026-03-26 15:28:42.671190', 1),
(576, 'HUMI', 54.7, '2026-03-26 15:28:42.935090', 2),
(577, 'TEMP', 32.4, '2026-03-26 15:28:54.015582', 1),
(578, 'HUMI', 54.7, '2026-03-26 15:28:54.266885', 2),
(579, 'CO2', 392, '2026-03-26 15:29:00.016873', 8),
(580, 'TEMP', 32.4, '2026-03-26 15:29:05.464353', 1),
(581, 'HUMI', 54.7, '2026-03-26 15:29:05.720063', 2),
(582, 'TEMP', 32.4, '2026-03-26 15:29:16.901106', 1),
(583, 'HUMI', 54.7, '2026-03-26 15:29:17.129324', 2),
(584, 'TEMP', 32.4, '2026-03-26 15:29:28.371854', 1),
(585, 'HUMI', 54.6, '2026-03-26 15:29:28.555148', 2),
(586, 'TEMP', 32.3, '2026-03-26 15:29:39.620508', 1),
(587, 'HUMI', 54.7, '2026-03-26 15:29:39.867542', 2),
(588, 'TEMP', 32.4, '2026-03-26 15:29:51.006904', 1),
(589, 'HUMI', 54.8, '2026-03-26 15:29:51.333288', 2),
(590, 'CO2', 403, '2026-03-26 15:30:00.021418', 8),
(591, 'BRIGHT', 34, '2026-03-26 15:30:02.179792', 9),
(592, 'TEMP', 32.3, '2026-03-26 15:30:02.429787', 1),
(593, 'HUMI', 54.7, '2026-03-26 15:30:02.674341', 2),
(594, 'BRIGHT', 32, '2026-03-26 15:30:13.736816', 9),
(595, 'TEMP', 32.3, '2026-03-26 15:30:13.996924', 1),
(596, 'HUMI', 54.7, '2026-03-26 15:30:14.249301', 2),
(597, 'BRIGHT', 33, '2026-03-26 15:30:25.004979', 9),
(598, 'TEMP', 32.3, '2026-03-26 15:30:25.259806', 1),
(599, 'HUMI', 54.7, '2026-03-26 15:30:25.544334', 2),
(600, 'BRIGHT', 32, '2026-03-26 15:30:36.169021', 9),
(601, 'TEMP', 32.3, '2026-03-26 15:30:36.429273', 1),
(602, 'HUMI', 54.7, '2026-03-26 15:30:36.674825', 2),
(603, 'BRIGHT', 33, '2026-03-26 15:30:47.935258', 9),
(604, 'TEMP', 32.3, '2026-03-26 15:30:48.218402', 1),
(605, 'HUMI', 54.7, '2026-03-26 15:30:48.221182', 2),
(606, 'BRIGHT', 35, '2026-03-26 15:30:59.321486', 9),
(607, 'TEMP', 32.3, '2026-03-26 15:30:59.585309', 1),
(608, 'HUMI', 54.9, '2026-03-26 15:30:59.827721', 2),
(609, 'CO2', 386, '2026-03-26 15:31:00.006274', 8),
(610, 'BRIGHT', 33, '2026-03-26 15:31:10.459379', 9),
(611, 'TEMP', 32.3, '2026-03-26 15:31:10.715573', 1),
(612, 'HUMI', 54.9, '2026-03-26 15:31:10.960914', 2),
(613, 'BRIGHT', 32, '2026-03-26 15:31:21.730161', 9),
(614, 'TEMP', 32.3, '2026-03-26 15:31:22.050061', 1),
(615, 'HUMI', 55.1, '2026-03-26 15:31:22.062687', 2),
(616, 'BRIGHT', 35, '2026-03-26 15:31:33.097574', 9),
(617, 'TEMP', 32.3, '2026-03-26 15:31:33.344564', 1),
(618, 'HUMI', 55.2, '2026-03-26 15:31:33.590788', 2),
(619, 'BRIGHT', 34, '2026-03-26 15:31:44.675766', 9),
(620, 'TEMP', 32.3, '2026-03-26 15:31:44.970152', 1),
(621, 'HUMI', 55.3, '2026-03-26 15:31:44.970270', 2),
(622, 'BRIGHT', 31, '2026-03-26 15:31:55.837101', 9),
(623, 'TEMP', 32.3, '2026-03-26 15:31:56.099715', 1),
(624, 'HUMI', 55.3, '2026-03-26 15:31:56.346179', 2),
(625, 'CO2', 400, '2026-03-26 15:32:00.014563', 8),
(626, 'BRIGHT', 32, '2026-03-26 15:32:07.529204', 9),
(627, 'TEMP', 32.3, '2026-03-26 15:32:07.747582', 1),
(628, 'HUMI', 55.2, '2026-03-26 15:32:08.037249', 2),
(629, 'BRIGHT', 34, '2026-03-26 15:32:18.767092', 9),
(630, 'HUMI', 55.3, '2026-03-26 15:32:19.317123', 2),
(631, 'TEMP', 32.3, '2026-03-26 15:32:19.377096', 1),
(632, 'BRIGHT', 31, '2026-03-26 15:32:30.393210', 9),
(633, 'TEMP', 32.3, '2026-03-26 15:32:30.609629', 1),
(634, 'HUMI', 55.2, '2026-03-26 15:32:30.902206', 2),
(635, 'BRIGHT', 32, '2026-03-26 15:32:41.799140', 9),
(636, 'TEMP', 32.3, '2026-03-26 15:32:42.059227', 1),
(637, 'HUMI', 55.2, '2026-03-26 15:32:42.303578', 2),
(638, 'BRIGHT', 31, '2026-03-26 15:32:53.054874', 9),
(639, 'TEMP', 32.3, '2026-03-26 15:32:53.370721', 1),
(640, 'HUMI', 55.2, '2026-03-26 15:32:53.596116', 2),
(641, 'CO2', 358, '2026-03-26 15:33:00.015771', 8),
(642, 'BRIGHT', 31, '2026-03-26 15:33:05.028556', 9),
(643, 'TEMP', 32.3, '2026-03-26 15:33:05.028894', 1),
(644, 'HUMI', 55.4, '2026-03-26 15:33:05.227937', 2),
(645, 'BRIGHT', 33, '2026-03-26 15:33:16.097430', 9),
(646, 'TEMP', 32.4, '2026-03-26 15:33:16.338870', 1),
(647, 'HUMI', 55.5, '2026-03-26 15:33:16.580759', 2),
(648, 'BRIGHT', 36, '2026-03-26 15:33:27.277472', 9),
(649, 'TEMP', 32.4, '2026-03-26 15:33:27.630377', 1),
(650, 'HUMI', 55.6, '2026-03-26 15:33:27.899457', 2),
(651, 'BRIGHT', 32, '2026-03-26 15:33:38.566062', 9),
(652, 'TEMP', 32.4, '2026-03-26 15:33:38.775690', 1),
(653, 'HUMI', 55.6, '2026-03-26 15:33:39.024557', 2),
(654, 'BRIGHT', 32, '2026-03-26 15:33:50.131375', 9),
(655, 'TEMP', 32.4, '2026-03-26 15:33:50.402766', 1),
(656, 'HUMI', 55.6, '2026-03-26 15:33:50.647935', 2),
(657, 'CO2', 398, '2026-03-26 15:34:00.010943', 8),
(658, 'BRIGHT', 32, '2026-03-26 15:34:01.578250', 9),
(659, 'TEMP', 32.4, '2026-03-26 15:34:01.890301', 1),
(660, 'HUMI', 55.4, '2026-03-26 15:34:02.092087', 2),
(661, 'BRIGHT', 35, '2026-03-26 15:34:13.149292', 9),
(662, 'TEMP', 32.4, '2026-03-26 15:34:13.396631', 1),
(663, 'HUMI', 55.6, '2026-03-26 15:34:13.674747', 2),
(664, 'BRIGHT', 35, '2026-03-26 15:34:24.431089', 9),
(665, 'HUMI', 55.7, '2026-03-26 15:34:24.703589', 2),
(666, 'TEMP', 32.4, '2026-03-26 15:34:24.712913', 1),
(667, 'BRIGHT', 35, '2026-03-26 15:34:35.689002', 9),
(668, 'TEMP', 32.5, '2026-03-26 15:34:35.945023', 1),
(669, 'HUMI', 55.4, '2026-03-26 15:34:36.179567', 2),
(670, 'BRIGHT', 36, '2026-03-26 15:34:47.143462', 9),
(671, 'TEMP', 32.6, '2026-03-26 15:34:47.438377', 1),
(672, 'HUMI', 55.1, '2026-03-26 15:34:47.668654', 2),
(673, 'BRIGHT', 33, '2026-03-26 15:34:58.583432', 9),
(674, 'TEMP', 32.7, '2026-03-26 15:34:58.818163', 1),
(675, 'HUMI', 54.8, '2026-03-26 15:34:59.123579', 2),
(676, 'CO2', 396, '2026-03-26 15:35:00.018327', 8),
(677, 'BRIGHT', 35, '2026-03-26 15:35:10.034994', 9),
(678, 'TEMP', 32.8, '2026-03-26 15:35:10.274146', 1),
(679, 'HUMI', 54.5, '2026-03-26 15:35:10.498118', 2),
(680, 'BRIGHT', 34, '2026-03-26 15:35:21.249565', 9),
(681, 'TEMP', 32.8, '2026-03-26 15:35:21.442538', 1),
(682, 'HUMI', 54.3, '2026-03-26 15:35:21.686681', 2),
(683, 'BRIGHT', 34, '2026-03-26 15:35:32.597497', 9),
(684, 'TEMP', 32.8, '2026-03-26 15:35:32.925734', 1),
(685, 'HUMI', 54.2, '2026-03-26 15:35:33.203996', 2),
(686, 'BRIGHT', 33, '2026-03-26 15:35:43.928939', 9),
(687, 'TEMP', 32.8, '2026-03-26 15:35:44.196638', 1),
(688, 'HUMI', 54.1, '2026-03-26 15:35:44.438320', 2),
(689, 'BRIGHT', 33, '2026-03-26 15:35:55.539436', 9),
(690, 'TEMP', 32.9, '2026-03-26 15:35:55.814466', 1),
(691, 'HUMI', 54.3, '2026-03-26 15:35:56.032862', 2),
(692, 'CO2', 416, '2026-03-26 15:36:00.007997', 8),
(693, 'BRIGHT', 33, '2026-03-26 15:36:07.074355', 9),
(694, 'TEMP', 33.2, '2026-03-26 15:36:07.325392', 1),
(695, 'HUMI', 54.1, '2026-03-26 15:36:07.619517', 2),
(696, 'BRIGHT', 34, '2026-03-26 15:36:17.727743', 9),
(697, 'HUMI', 53.6, '2026-03-26 15:36:18.069217', 2),
(698, 'TEMP', 33.6, '2026-03-26 15:36:18.069263', 1),
(699, 'BRIGHT', 31, '2026-03-26 15:36:28.211891', 9),
(700, 'HUMI', 53.1, '2026-03-26 15:36:28.455338', 2),
(701, 'TEMP', 33.9, '2026-03-26 15:36:28.456330', 1),
(702, 'BRIGHT', 38, '2026-03-26 15:36:38.777610', 9),
(703, 'HUMI', 52.3, '2026-03-26 15:36:39.018176', 2),
(704, 'TEMP', 34, '2026-03-26 15:36:39.018382', 1),
(705, 'BRIGHT', 48, '2026-03-26 15:36:49.295414', 9),
(706, 'TEMP', 34, '2026-03-26 15:36:49.565236', 1),
(707, 'HUMI', 52, '2026-03-26 15:36:49.567403', 2),
(708, 'BRIGHT', 33, '2026-03-26 15:36:59.765510', 9),
(709, 'HUMI', 52.1, '2026-03-26 15:37:00.005941', 2),
(710, 'CO2', 427, '2026-03-26 15:37:00.009721', 8),
(711, 'TEMP', 33.8, '2026-03-26 15:37:00.009863', 1),
(712, 'BRIGHT', 25, '2026-03-26 15:37:10.343456', 9),
(713, 'TEMP', 34.2, '2026-03-26 15:37:10.599354', 1),
(714, 'HUMI', 51.9, '2026-03-26 15:37:10.599599', 2),
(715, 'BRIGHT', 25, '2026-03-26 15:37:20.834290', 9),
(716, 'TEMP', 34.8, '2026-03-26 15:37:21.078350', 1),
(717, 'HUMI', 51.1, '2026-03-26 15:37:21.079550', 2),
(718, 'BRIGHT', 25, '2026-03-26 15:37:31.332047', 9),
(719, 'HUMI', 49.7, '2026-03-26 15:37:31.551683', 2),
(720, 'TEMP', 35.8, '2026-03-26 15:37:31.574246', 1),
(721, 'BRIGHT', 25, '2026-03-26 15:37:41.865659', 9),
(722, 'TEMP', 36.7, '2026-03-26 15:37:42.148880', 1),
(723, 'BRIGHT', 25, '2026-03-26 15:37:52.373819', 9),
(724, 'TEMP', 37.4, '2026-03-26 15:37:52.586254', 1),
(725, 'CO2', 360, '2026-03-26 15:38:00.022984', 8),
(726, 'BRIGHT', 26, '2026-03-26 15:38:02.881251', 9),
(727, 'TEMP', 38.1, '2026-03-26 15:38:03.164252', 1),
(728, 'BRIGHT', 27, '2026-03-26 15:38:13.353378', 9),
(729, 'HUMI', 43.3, '2026-03-26 15:38:13.592988', 2),
(730, 'TEMP', 38.7, '2026-03-26 15:38:13.607168', 1),
(731, 'BRIGHT', 29, '2026-03-26 15:38:23.927032', 9),
(732, 'TEMP', 39.1, '2026-03-26 15:38:24.180061', 1),
(733, 'BRIGHT', 29, '2026-03-26 15:38:44.972268', 9),
(734, 'CO2', 360, '2026-03-26 15:39:00.020230', 8),
(735, 'BRIGHT', 36, '2026-03-26 15:39:05.974925', 9),
(736, 'TEMP', 39.4, '2026-03-26 15:39:06.254507', 1),
(737, 'HUMI', 40.7, '2026-03-26 15:39:06.255652', 2),
(738, 'BRIGHT', 33, '2026-03-26 15:39:16.548022', 9),
(739, 'TEMP', 38.7, '2026-03-26 15:39:16.788494', 1),
(740, 'HUMI', 41, '2026-03-26 15:39:16.788586', 2),
(741, 'BRIGHT', 33, '2026-03-26 15:39:27.011602', 9),
(742, 'TEMP', 37.7, '2026-03-26 15:39:27.303193', 1),
(743, 'HUMI', 42.1, '2026-03-26 15:39:27.303494', 2),
(744, 'BRIGHT', 36, '2026-03-26 15:39:37.473613', 9),
(745, 'HUMI', 43.7, '2026-03-26 15:39:37.758436', 2),
(746, 'TEMP', 36.7, '2026-03-26 15:39:37.758491', 1),
(747, 'BRIGHT', 37, '2026-03-26 15:39:48.029414', 9),
(748, 'TEMP', 35.8, '2026-03-26 15:39:48.265468', 1),
(749, 'BRIGHT', 36, '2026-03-26 15:39:58.627356', 9),
(750, 'CO2', 399, '2026-03-26 15:40:00.019290', 8),
(751, 'BRIGHT', 36, '2026-03-26 15:40:09.085215', 9),
(752, 'HUMI', 48, '2026-03-26 15:40:09.346344', 2),
(753, 'TEMP', 34.9, '2026-03-26 15:40:09.370276', 1),
(754, 'BRIGHT', 36, '2026-03-26 15:40:19.670340', 9),
(755, 'TEMP', 34.6, '2026-03-26 15:40:19.912159', 1),
(756, 'HUMI', 48.7, '2026-03-26 15:40:19.916037', 2),
(757, 'CO2', 363, '2026-03-26 15:41:00.016009', 8),
(758, 'CO2', 414, '2026-03-26 15:42:00.008106', 8),
(759, 'CO2', 386, '2026-03-26 15:43:00.008791', 8),
(760, 'CO2', 433, '2026-03-26 15:44:00.020361', 8),
(761, 'CO2', 419, '2026-03-26 15:45:00.008733', 8),
(762, 'BRIGHT', 41, '2026-03-26 15:45:00.787725', 9),
(763, 'TEMP', 32.7, '2026-03-26 15:45:01.219741', 1),
(764, 'HUMI', 54.3, '2026-03-26 15:45:01.230705', 2),
(765, 'BRIGHT', 39, '2026-03-26 15:45:12.058682', 9),
(766, 'TEMP', 32.7, '2026-03-26 15:45:12.313838', 1),
(767, 'HUMI', 54.2, '2026-03-26 15:45:12.572399', 2),
(768, 'BRIGHT', 42, '2026-03-26 15:45:23.652436', 9),
(769, 'TEMP', 32.7, '2026-03-26 15:45:23.922932', 1),
(770, 'HUMI', 54.3, '2026-03-26 15:45:24.182687', 2),
(771, 'BRIGHT', 41, '2026-03-26 15:45:35.139100', 9),
(772, 'TEMP', 32.7, '2026-03-26 15:45:35.477864', 1),
(773, 'HUMI', 54.3, '2026-03-26 15:45:35.699019', 2),
(774, 'BRIGHT', 43, '2026-03-26 15:45:46.856889', 9),
(775, 'TEMP', 32.6, '2026-03-26 15:45:47.172451', 1),
(776, 'HUMI', 54.3, '2026-03-26 15:45:47.172810', 2),
(777, 'BRIGHT', 39, '2026-03-26 15:45:58.230389', 9),
(778, 'TEMP', 32.7, '2026-03-26 15:45:58.506275', 1),
(779, 'HUMI', 54.3, '2026-03-26 15:45:58.748377', 2),
(780, 'CO2', 408, '2026-03-26 15:46:00.015476', 8),
(781, 'BRIGHT', 41, '2026-03-26 15:46:09.714132', 9),
(782, 'TEMP', 32.7, '2026-03-26 15:46:09.954837', 1),
(783, 'HUMI', 54.3, '2026-03-26 15:46:10.253810', 2),
(784, 'BRIGHT', 37, '2026-03-26 15:46:21.020801', 9),
(785, 'TEMP', 32.6, '2026-03-26 15:46:21.298850', 1),
(786, 'HUMI', 54.3, '2026-03-26 15:46:21.581948', 2),
(787, 'BRIGHT', 36, '2026-03-26 15:46:32.764613', 9),
(788, 'TEMP', 32.7, '2026-03-26 15:46:33.011404', 1),
(789, 'HUMI', 54.3, '2026-03-26 15:46:33.297095', 2),
(790, 'BRIGHT', 38, '2026-03-26 15:46:44.070742', 9),
(791, 'TEMP', 32.7, '2026-03-26 15:46:44.326711', 1),
(792, 'HUMI', 54.3, '2026-03-26 15:46:44.547271', 2),
(793, 'BRIGHT', 100, '2026-03-26 15:46:55.731771', 9),
(794, 'TEMP', 32.7, '2026-03-26 15:46:56.055377', 1),
(795, 'HUMI', 54.3, '2026-03-26 15:46:56.268090', 2),
(796, 'CO2', 352, '2026-03-26 15:47:00.020958', 8),
(797, 'BRIGHT', 32, '2026-03-26 15:47:07.060830', 9),
(798, 'TEMP', 32.7, '2026-03-26 15:47:07.266717', 1),
(799, 'HUMI', 54.4, '2026-03-26 15:47:07.499568', 2),
(800, 'BRIGHT', 72, '2026-03-26 15:47:18.461963', 9),
(801, 'TEMP', 32.7, '2026-03-26 15:47:18.711074', 1),
(802, 'HUMI', 54.3, '2026-03-26 15:47:18.961838', 2),
(803, 'BRIGHT', 79, '2026-03-26 15:47:29.747107', 9),
(804, 'TEMP', 32.7, '2026-03-26 15:47:30.017677', 1),
(805, 'HUMI', 54.3, '2026-03-26 15:47:30.268439', 2),
(806, 'BRIGHT', 82, '2026-03-26 15:47:41.339465', 9),
(807, 'TEMP', 32.7, '2026-03-26 15:47:41.588034', 1),
(808, 'HUMI', 54.3, '2026-03-26 15:47:41.843370', 2),
(809, 'BRIGHT', 79, '2026-03-26 15:47:52.727781', 9),
(810, 'TEMP', 32.7, '2026-03-26 15:47:53.011122', 1),
(811, 'HUMI', 54.3, '2026-03-26 15:47:53.257488', 2),
(812, 'CO2', 371, '2026-03-26 15:48:00.019782', 8),
(813, 'BRIGHT', 78, '2026-03-26 15:48:04.244275', 9),
(814, 'TEMP', 32.6, '2026-03-26 15:48:04.517586', 1),
(815, 'HUMI', 54.3, '2026-03-26 15:48:04.761112', 2),
(816, 'BRIGHT', 91, '2026-03-26 15:48:15.697857', 9),
(817, 'HUMI', 54.5, '2026-03-26 15:48:15.947040', 2),
(818, 'TEMP', 32.7, '2026-03-26 15:48:15.947322', 1),
(819, 'BRIGHT', 97, '2026-03-26 15:48:27.006040', 9),
(820, 'TEMP', 32.7, '2026-03-26 15:48:27.288604', 1),
(821, 'HUMI', 54.6, '2026-03-26 15:48:27.515431', 2),
(822, 'BRIGHT', 100, '2026-03-26 15:48:38.806831', 9),
(823, 'TEMP', 32.7, '2026-03-26 15:48:39.043889', 1),
(824, 'HUMI', 54.4, '2026-03-26 15:48:39.284051', 2),
(825, 'BRIGHT', 80, '2026-03-26 15:48:50.352394', 9),
(826, 'TEMP', 32.7, '2026-03-26 15:48:50.620462', 1),
(827, 'HUMI', 54.4, '2026-03-26 15:48:50.873770', 2),
(828, 'CO2', 362, '2026-03-26 15:49:00.008104', 8),
(829, 'BRIGHT', 77, '2026-03-26 15:49:02.226185', 9),
(830, 'TEMP', 32.6, '2026-03-26 15:49:02.528236', 1),
(831, 'HUMI', 54.3, '2026-03-26 15:49:02.774372', 2),
(832, 'BRIGHT', 79, '2026-03-26 15:49:13.598961', 9),
(833, 'TEMP', 32.7, '2026-03-26 15:49:13.911628', 1),
(834, 'HUMI', 54.4, '2026-03-26 15:49:14.165002', 2),
(835, 'BRIGHT', 80, '2026-03-26 15:49:24.992416', 9),
(836, 'TEMP', 32.7, '2026-03-26 15:49:25.291930', 1),
(837, 'HUMI', 54.7, '2026-03-26 15:49:25.549666', 2),
(838, 'BRIGHT', 81, '2026-03-26 15:49:36.284369', 9),
(839, 'TEMP', 32.7, '2026-03-26 15:49:36.513183', 1),
(840, 'HUMI', 54.7, '2026-03-26 15:49:36.776396', 2),
(841, 'BRIGHT', 76, '2026-03-26 15:49:47.757093', 9),
(842, 'TEMP', 32.6, '2026-03-26 15:49:48.028832', 1),
(843, 'HUMI', 54.5, '2026-03-26 15:49:48.246363', 2),
(844, 'BRIGHT', 80, '2026-03-26 15:49:59.135119', 9),
(845, 'TEMP', 32.6, '2026-03-26 15:49:59.454338', 1),
(846, 'HUMI', 54.5, '2026-03-26 15:49:59.702696', 2),
(847, 'CO2', 398, '2026-03-26 15:50:00.009601', 8),
(848, 'BRIGHT', 79, '2026-03-26 15:50:10.849307', 9),
(849, 'TEMP', 32.6, '2026-03-26 15:50:11.149191', 1),
(850, 'HUMI', 54.5, '2026-03-26 15:50:11.415165', 2),
(851, 'BRIGHT', 78, '2026-03-26 15:50:22.526025', 9),
(852, 'TEMP', 32.6, '2026-03-26 15:50:22.829202', 1),
(853, 'HUMI', 54.4, '2026-03-26 15:50:23.089149', 2),
(854, 'BRIGHT', 79, '2026-03-26 15:50:34.161538', 9),
(855, 'TEMP', 32.6, '2026-03-26 15:50:34.455177', 1),
(856, 'HUMI', 54.5, '2026-03-26 15:50:34.696999', 2),
(857, 'BRIGHT', 79, '2026-03-26 15:50:45.610098', 9),
(858, 'TEMP', 32.6, '2026-03-26 15:50:45.935151', 1),
(859, 'HUMI', 54.5, '2026-03-26 15:50:46.168484', 2),
(860, 'BRIGHT', 78, '2026-03-26 15:50:56.989967', 9),
(861, 'TEMP', 32.6, '2026-03-26 15:50:57.261712', 1),
(862, 'HUMI', 54.3, '2026-03-26 15:50:57.507584', 2),
(863, 'CO2', 391, '2026-03-26 15:51:00.017758', 8),
(864, 'BRIGHT', 76, '2026-03-26 15:51:08.566832', 9),
(865, 'TEMP', 32.6, '2026-03-26 15:51:08.800414', 1),
(866, 'HUMI', 54.2, '2026-03-26 15:51:09.050990', 2),
(867, 'BRIGHT', 81, '2026-03-26 15:51:20.209095', 9),
(868, 'TEMP', 32.6, '2026-03-26 15:51:20.528036', 1),
(869, 'HUMI', 54.3, '2026-03-26 15:51:20.744781', 2),
(870, 'BRIGHT', 76, '2026-03-26 15:51:31.776133', 9),
(871, 'TEMP', 32.7, '2026-03-26 15:51:32.081396', 1),
(872, 'HUMI', 55.6, '2026-03-26 15:51:32.346754', 2),
(873, 'BRIGHT', 79, '2026-03-26 15:51:43.437950', 9),
(874, 'TEMP', 32.6, '2026-03-26 15:51:43.700484', 1),
(875, 'HUMI', 54.8, '2026-03-26 15:51:43.701853', 2),
(876, 'CO2', 405, '2026-03-26 15:52:00.015550', 8),
(877, 'CO2', 441, '2026-03-26 15:53:00.021545', 8),
(878, 'CO2', 398, '2026-03-26 15:54:00.012505', 8),
(879, 'CO2', 390, '2026-03-26 15:55:00.018251', 8),
(880, 'CO2', 395, '2026-03-27 11:04:00.018510', 8),
(881, 'CO2', 419, '2026-03-27 11:05:00.011846', 8),
(882, 'CO2', 404, '2026-03-27 11:06:00.007918', 8),
(883, 'CO2', 352, '2026-03-27 11:07:00.015256', 8),
(884, 'CO2', 385, '2026-03-27 11:08:00.017314', 8),
(885, 'CO2', 444, '2026-03-27 11:09:00.006369', 8),
(886, 'CO2', 417, '2026-03-27 11:10:00.018531', 8),
(887, 'CO2', 423, '2026-03-27 11:11:00.015055', 8),
(888, 'CO2', 408, '2026-03-27 11:12:00.019909', 8),
(889, 'CO2', 435, '2026-03-27 11:13:00.010117', 8),
(890, 'CO2', 446, '2026-03-27 11:14:00.010371', 8),
(891, 'CO2', 440, '2026-03-27 11:15:00.017089', 8),
(892, 'CO2', 377, '2026-03-27 11:16:00.018871', 8),
(893, 'CO2', 435, '2026-03-27 11:17:00.005893', 8),
(894, 'CO2', 363, '2026-03-27 11:18:00.007034', 8),
(895, 'CO2', 393, '2026-03-27 11:19:00.016485', 8),
(896, 'CO2', 353, '2026-03-27 11:20:00.004189', 8),
(897, 'CO2', 444, '2026-03-27 11:21:00.015349', 8),
(898, 'CO2', 377, '2026-03-27 11:22:00.017582', 8),
(899, 'CO2', 396, '2026-03-27 11:23:00.014669', 8),
(900, 'CO2', 374, '2026-03-27 11:24:00.010226', 8),
(901, 'CO2', 432, '2026-03-27 11:25:00.005393', 8),
(902, 'CO2', 429, '2026-03-27 11:26:00.012590', 8),
(903, 'CO2', 376, '2026-03-27 11:27:00.011553', 8),
(904, 'CO2', 350, '2026-03-27 11:28:00.013724', 8),
(905, 'CO2', 439, '2026-03-27 11:29:00.019456', 8),
(906, 'CO2', 430, '2026-03-27 11:30:00.011776', 8),
(907, 'CO2', 426, '2026-03-27 11:31:00.019258', 8),
(908, 'CO2', 355, '2026-03-27 11:32:00.020873', 8),
(909, 'CO2', 434, '2026-03-27 11:33:00.013956', 8),
(910, 'CO2', 375, '2026-03-27 11:34:00.007083', 8),
(911, 'CO2', 410, '2026-03-27 11:35:00.005158', 8),
(912, 'CO2', 388, '2026-03-27 11:36:00.008251', 8),
(913, 'CO2', 382, '2026-03-27 11:37:00.004959', 8),
(914, 'CO2', 350, '2026-03-27 11:38:00.005184', 8),
(915, 'CO2', 405, '2026-03-27 11:39:00.011691', 8),
(916, 'CO2', 369, '2026-03-27 11:40:00.012451', 8),
(917, 'CO2', 417, '2026-03-27 11:41:00.014709', 8),
(918, 'CO2', 386, '2026-03-27 11:42:00.007153', 8),
(919, 'CO2', 441, '2026-03-27 11:43:00.005544', 8),
(920, 'CO2', 360, '2026-03-27 11:44:00.014750', 8),
(921, 'CO2', 367, '2026-03-27 11:45:00.014795', 8),
(922, 'CO2', 439, '2026-03-27 11:46:00.017519', 8),
(923, 'CO2', 448, '2026-03-27 11:47:00.004215', 8),
(924, 'CO2', 365, '2026-03-27 11:48:00.015457', 8),
(925, 'CO2', 377, '2026-03-27 11:49:00.012709', 8),
(926, 'CO2', 408, '2026-03-27 11:50:00.020332', 8),
(927, 'CO2', 360, '2026-03-27 11:51:00.012836', 8),
(928, 'CO2', 357, '2026-03-27 11:52:00.025546', 8),
(929, 'CO2', 384, '2026-03-27 11:53:00.015361', 8),
(930, 'CO2', 395, '2026-03-27 11:54:00.013915', 8),
(931, 'CO2', 384, '2026-03-27 11:55:00.018713', 8),
(932, 'CO2', 359, '2026-03-27 11:56:00.007170', 8),
(933, 'CO2', 406, '2026-03-27 11:57:00.007428', 8),
(934, 'CO2', 417, '2026-03-27 11:58:00.017799', 8),
(935, 'CO2', 448, '2026-03-27 11:59:00.005904', 8),
(936, 'CO2', 380, '2026-03-27 12:00:00.018151', 8),
(937, 'CO2', 388, '2026-03-27 12:01:00.004445', 8),
(938, 'CO2', 384, '2026-03-27 12:02:00.013547', 8),
(939, 'CO2', 420, '2026-03-27 12:03:00.007221', 8),
(940, 'CO2', 390, '2026-03-27 12:04:00.013962', 8),
(941, 'CO2', 432, '2026-03-27 12:05:00.006158', 8),
(942, 'CO2', 392, '2026-03-27 12:06:00.012601', 8),
(943, 'CO2', 426, '2026-03-27 12:07:00.010384', 8),
(944, 'CO2', 407, '2026-03-27 12:08:00.008111', 8),
(945, 'CO2', 371, '2026-03-27 12:09:00.015873', 8),
(946, 'CO2', 377, '2026-03-27 12:10:00.009876', 8),
(947, 'CO2', 389, '2026-03-27 12:11:00.007959', 8),
(948, 'CO2', 428, '2026-03-27 12:12:00.012512', 8),
(949, 'CO2', 423, '2026-03-27 12:13:00.014977', 8),
(950, 'CO2', 356, '2026-03-27 12:14:00.014605', 8),
(951, 'CO2', 371, '2026-03-27 12:16:00.028405', 8),
(952, 'CO2', 366, '2026-03-27 12:17:00.008960', 8),
(953, 'CO2', 378, '2026-03-27 12:18:00.013770', 8),
(954, 'CO2', 414, '2026-03-27 12:19:00.008223', 8),
(955, 'CO2', 421, '2026-03-27 12:20:00.011522', 8),
(956, 'CO2', 420, '2026-03-27 12:21:00.005177', 8),
(957, 'CO2', 414, '2026-03-27 12:22:00.007269', 8),
(958, 'CO2', 438, '2026-03-27 12:23:00.005075', 8),
(959, 'CO2', 425, '2026-03-27 12:24:00.015672', 8),
(960, 'CO2', 395, '2026-03-27 12:25:00.017944', 8),
(961, 'CO2', 402, '2026-03-27 12:26:00.016414', 8),
(962, 'CO2', 405, '2026-03-27 12:27:00.006208', 8),
(963, 'CO2', 363, '2026-03-27 12:28:00.014926', 8),
(964, 'CO2', 407, '2026-03-27 12:30:00.023771', 8),
(965, 'CO2', 358, '2026-03-27 12:31:00.028157', 8),
(966, 'CO2', 380, '2026-03-27 12:32:00.004504', 8),
(967, 'CO2', 355, '2026-03-27 12:33:00.024714', 8),
(968, 'CO2', 397, '2026-03-27 12:34:00.018093', 8),
(969, 'CO2', 385, '2026-03-27 12:35:00.008277', 8),
(970, 'CO2', 397, '2026-03-27 12:36:00.010165', 8),
(971, 'CO2', 394, '2026-03-27 12:37:00.016869', 8),
(972, 'CO2', 422, '2026-03-27 12:38:00.010747', 8),
(973, 'CO2', 355, '2026-03-27 12:39:00.003353', 8),
(974, 'CO2', 437, '2026-03-27 12:40:00.015446', 8),
(975, 'CO2', 442, '2026-03-27 12:41:00.014001', 8);
INSERT INTO `sensor_readings` (`id`, `sensor_type`, `reading_value`, `recorded_at`, `device_id`) VALUES
(976, 'CO2', 372, '2026-03-27 12:42:00.030604', 8),
(977, 'CO2', 377, '2026-03-27 12:43:00.023378', 8),
(978, 'CO2', 417, '2026-03-27 12:44:00.016439', 8),
(979, 'CO2', 448, '2026-03-27 12:45:00.013978', 8),
(980, 'CO2', 365, '2026-03-27 12:46:00.009499', 8),
(981, 'CO2', 436, '2026-03-27 12:47:00.010045', 8),
(982, 'CO2', 363, '2026-03-27 12:48:00.014104', 8),
(983, 'CO2', 408, '2026-03-27 12:49:00.012512', 8),
(984, 'CO2', 394, '2026-03-27 12:50:00.020102', 8),
(985, 'CO2', 437, '2026-03-27 12:51:00.011784', 8),
(986, 'CO2', 427, '2026-03-27 12:52:00.008501', 8),
(987, 'CO2', 397, '2026-03-27 12:53:00.011599', 8),
(988, 'CO2', 431, '2026-03-27 12:54:00.036764', 8),
(989, 'BRIGHT', 77, '2026-03-27 13:32:10.511944', 9),
(990, 'TEMP', 26.6, '2026-03-27 13:32:10.791166', 1),
(991, 'HUMI', 46.9, '2026-03-27 13:32:11.101019', 2),
(992, 'BRIGHT', 75, '2026-03-27 13:32:27.075148', 9),
(993, 'TEMP', 26.5, '2026-03-27 13:32:27.382319', 1),
(994, 'HUMI', 46.7, '2026-03-27 13:32:27.687765', 2),
(995, 'BRIGHT', 75, '2026-03-27 13:32:43.394656', 9),
(996, 'TEMP', 26.5, '2026-03-27 13:32:43.661525', 1),
(997, 'HUMI', 46.8, '2026-03-27 13:32:43.974473', 2),
(998, 'BRIGHT', 75, '2026-03-27 13:32:59.949676', 9),
(999, 'CO2', 396, '2026-03-27 13:33:00.022765', 8),
(1000, 'TEMP', 26.5, '2026-03-27 13:33:00.256537', 1),
(1001, 'HUMI', 47.1, '2026-03-27 13:33:00.562488', 2),
(1002, 'BRIGHT', 66, '2026-03-27 13:33:16.470070', 9),
(1003, 'TEMP', 26.5, '2026-03-27 13:33:16.743098', 1),
(1004, 'HUMI', 46.9, '2026-03-27 13:33:17.012920', 2),
(1005, 'BRIGHT', 75, '2026-03-27 13:33:32.612545', 9),
(1006, 'TEMP', 26.4, '2026-03-27 13:33:32.918822', 1),
(1007, 'HUMI', 47, '2026-03-27 13:33:33.223204', 2),
(1008, 'BRIGHT', 73, '2026-03-27 13:33:48.996947', 9),
(1009, 'TEMP', 26.4, '2026-03-27 13:33:49.307344', 1),
(1010, 'HUMI', 47, '2026-03-27 13:33:49.610948', 2),
(1011, 'CO2', 443, '2026-03-27 13:34:00.020256', 8),
(1012, 'BRIGHT', 70, '2026-03-27 13:34:05.277686', 9),
(1013, 'TEMP', 26.4, '2026-03-27 13:34:05.585571', 1),
(1014, 'HUMI', 47.4, '2026-03-27 13:34:05.892879', 2),
(1015, 'BRIGHT', 51, '2026-03-27 13:34:21.681593', 9),
(1016, 'TEMP', 26.3, '2026-03-27 13:34:21.967619', 1),
(1017, 'HUMI', 47.2, '2026-03-27 13:34:22.273574', 2),
(1018, 'BRIGHT', 72, '2026-03-27 13:34:38.560467', 9),
(1019, 'TEMP', 26.3, '2026-03-27 13:34:39.103773', 1),
(1020, 'HUMI', 47.5, '2026-03-27 13:34:39.143858', 2),
(1021, 'BRIGHT', 69, '2026-03-27 13:34:55.044382', 9),
(1022, 'TEMP', 26.3, '2026-03-27 13:34:55.348830', 1),
(1023, 'HUMI', 47.5, '2026-03-27 13:34:55.660440', 2),
(1024, 'CO2', 359, '2026-03-27 13:35:00.033592', 8),
(1025, 'BRIGHT', 85, '2026-03-27 13:35:11.839126', 9),
(1026, 'TEMP', 26.3, '2026-03-27 13:35:12.146785', 1),
(1027, 'HUMI', 47.7, '2026-03-27 13:35:12.147004', 2),
(1028, 'BRIGHT', 86, '2026-03-27 13:35:28.016953', 9),
(1029, 'TEMP', 26.3, '2026-03-27 13:35:28.329699', 1),
(1030, 'HUMI', 47.5, '2026-03-27 13:35:28.329697', 2),
(1031, 'BRIGHT', 88, '2026-03-27 13:35:44.411500', 9),
(1032, 'TEMP', 26.3, '2026-03-27 13:35:44.707519', 1),
(1033, 'HUMI', 48.6, '2026-03-27 13:35:45.015504', 2),
(1034, 'CO2', 389, '2026-03-27 13:36:00.017396', 8),
(1035, 'BRIGHT', 89, '2026-03-27 13:36:00.989171', 9),
(1036, 'HUMI', 48.4, '2026-03-27 13:36:01.297994', 2),
(1037, 'TEMP', 26.4, '2026-03-27 13:36:01.298186', 1),
(1038, 'BRIGHT', 88, '2026-03-27 13:36:17.582629', 9),
(1039, 'TEMP', 26.4, '2026-03-27 13:36:17.880022', 1),
(1040, 'HUMI', 48.3, '2026-03-27 13:36:18.188778', 2),
(1041, 'BRIGHT', 87, '2026-03-27 13:36:34.063212', 9),
(1042, 'TEMP', 26.4, '2026-03-27 13:36:34.358042', 1),
(1043, 'HUMI', 48.1, '2026-03-27 13:36:34.589026', 2),
(1044, 'BRIGHT', 88, '2026-03-27 13:36:50.340602', 9),
(1045, 'TEMP', 26.4, '2026-03-27 13:36:50.600065', 1),
(1046, 'HUMI', 48.2, '2026-03-27 13:36:50.893450', 2),
(1047, 'CO2', 359, '2026-03-27 13:37:00.030836', 8),
(1048, 'BRIGHT', 88, '2026-03-27 13:37:07.063631', 9),
(1049, 'TEMP', 26.5, '2026-03-27 13:37:07.355880', 1),
(1050, 'HUMI', 48.3, '2026-03-27 13:37:07.649826', 2),
(1051, 'BRIGHT', 88, '2026-03-27 13:37:23.524409', 9),
(1052, 'TEMP', 26.5, '2026-03-27 13:37:23.929721', 1),
(1053, 'HUMI', 48.1, '2026-03-27 13:37:24.202615', 2),
(1054, 'BRIGHT', 87, '2026-03-27 13:37:40.216613', 9),
(1055, 'TEMP', 26.5, '2026-03-27 13:37:40.520795', 1),
(1056, 'HUMI', 48, '2026-03-27 13:37:40.824585', 2),
(1057, 'BRIGHT', 87, '2026-03-27 13:37:56.826855', 9),
(1058, 'TEMP', 26.5, '2026-03-27 13:37:57.110769', 1),
(1059, 'HUMI', 47.8, '2026-03-27 13:37:57.417714', 2),
(1060, 'CO2', 417, '2026-03-27 13:38:00.025642', 8),
(1061, 'BRIGHT', 86, '2026-03-27 13:38:13.680623', 9),
(1062, 'TEMP', 26.5, '2026-03-27 13:38:13.906282', 1),
(1063, 'HUMI', 47.3, '2026-03-27 13:38:14.232605', 2),
(1064, 'BRIGHT', 88, '2026-03-27 13:38:30.186143', 9),
(1065, 'TEMP', 26.5, '2026-03-27 13:38:30.492746', 1),
(1066, 'HUMI', 47.5, '2026-03-27 13:38:30.802860', 2),
(1067, 'BRIGHT', 88, '2026-03-27 13:38:46.777035', 9),
(1068, 'TEMP', 26.4, '2026-03-27 13:38:47.082386', 1),
(1069, 'HUMI', 47.2, '2026-03-27 13:38:47.345292', 2),
(1070, 'CO2', 350, '2026-03-27 13:39:00.022028', 8),
(1071, 'BRIGHT', 88, '2026-03-27 13:39:03.359159', 9),
(1072, 'TEMP', 26.4, '2026-03-27 13:39:03.669071', 1),
(1073, 'HUMI', 47.1, '2026-03-27 13:39:03.976729', 2),
(1074, 'BRIGHT', 89, '2026-03-27 13:39:19.947680', 9),
(1075, 'TEMP', 26.3, '2026-03-27 13:39:20.221878', 1),
(1076, 'HUMI', 47.7, '2026-03-27 13:39:20.486054', 2),
(1077, 'BRIGHT', 89, '2026-03-27 13:39:36.525414', 9),
(1078, 'TEMP', 26.3, '2026-03-27 13:39:36.806965', 1),
(1079, 'HUMI', 48.1, '2026-03-27 13:39:37.081159', 2),
(1080, 'BRIGHT', 88, '2026-03-27 13:39:53.099188', 9),
(1081, 'TEMP', 26.3, '2026-03-27 13:39:53.400594', 1),
(1082, 'HUMI', 48.1, '2026-03-27 13:39:53.669869', 2),
(1083, 'CO2', 380, '2026-03-27 13:40:00.016799', 8),
(1084, 'BRIGHT', 87, '2026-03-27 13:40:09.756331', 9),
(1085, 'TEMP', 26.4, '2026-03-27 13:40:09.952894', 1),
(1086, 'HUMI', 48.3, '2026-03-27 13:40:10.195458', 2),
(1087, 'BRIGHT', 77, '2026-03-27 13:40:26.294522', 9),
(1088, 'TEMP', 26.4, '2026-03-27 13:40:26.535141', 1),
(1089, 'HUMI', 48.3, '2026-03-27 13:40:26.796591', 2),
(1090, 'BRIGHT', 77, '2026-03-27 13:40:42.785529', 9),
(1091, 'TEMP', 26.4, '2026-03-27 13:40:43.067023', 1),
(1092, 'HUMI', 48.8, '2026-03-27 13:40:43.335076', 2),
(1093, 'BRIGHT', 78, '2026-03-27 13:40:59.211073', 9),
(1094, 'TEMP', 26.4, '2026-03-27 13:40:59.481327', 1),
(1095, 'HUMI', 48.4, '2026-03-27 13:40:59.789017', 2),
(1096, 'CO2', 396, '2026-03-27 13:41:00.019318', 8),
(1097, 'BRIGHT', 77, '2026-03-27 13:41:15.657972', 9),
(1098, 'HUMI', 48.3, '2026-03-27 13:41:15.971908', 2),
(1099, 'TEMP', 26.5, '2026-03-27 13:41:15.972259', 1),
(1100, 'BRIGHT', 78, '2026-03-27 13:41:31.732635', 9),
(1101, 'TEMP', 26.5, '2026-03-27 13:41:32.031020', 1),
(1102, 'HUMI', 47.9, '2026-03-27 13:41:32.270659', 2),
(1103, 'BRIGHT', 78, '2026-03-27 13:41:48.323373', 9),
(1104, 'TEMP', 26.4, '2026-03-27 13:41:49.246075', 1),
(1105, 'HUMI', 47.8, '2026-03-27 13:41:49.246355', 2),
(1106, 'CO2', 367, '2026-03-27 13:42:00.006931', 8),
(1107, 'BRIGHT', 79, '2026-03-27 13:42:04.707761', 9),
(1108, 'TEMP', 26.4, '2026-03-27 13:42:05.015996', 1),
(1109, 'HUMI', 47.8, '2026-03-27 13:42:05.321769', 2),
(1110, 'BRIGHT', 77, '2026-03-27 13:42:21.296552', 9),
(1111, 'TEMP', 26.4, '2026-03-27 13:42:21.604576', 1),
(1112, 'HUMI', 47.7, '2026-03-27 13:42:21.910926', 2),
(1113, 'BRIGHT', 78, '2026-03-27 13:42:37.890597', 9),
(1114, 'TEMP', 26.4, '2026-03-27 13:42:38.195426', 1),
(1115, 'HUMI', 47.8, '2026-03-27 13:42:38.502497', 2),
(1116, 'BRIGHT', 71, '2026-03-27 13:42:54.066908', 9),
(1117, 'TEMP', 26.4, '2026-03-27 13:42:54.372514', 1),
(1118, 'HUMI', 47.7, '2026-03-27 13:42:54.648953', 2),
(1119, 'CO2', 359, '2026-03-27 13:43:00.010127', 8),
(1120, 'BRIGHT', 71, '2026-03-27 13:43:10.308276', 9),
(1121, 'TEMP', 26.5, '2026-03-27 13:43:10.553954', 1),
(1122, 'HUMI', 53.3, '2026-03-27 13:43:10.863663', 2),
(1123, 'BRIGHT', 75, '2026-03-27 13:43:26.942396', 9),
(1124, 'HUMI', 49.4, '2026-03-27 13:43:28.170682', 2),
(1125, 'TEMP', 28.5, '2026-03-27 13:43:28.170872', 1),
(1126, 'BRIGHT', 73, '2026-03-27 13:43:43.527200', 9),
(1127, 'TEMP', 29.6, '2026-03-27 13:43:43.845834', 1),
(1128, 'HUMI', 45.1, '2026-03-27 13:43:44.045992', 2),
(1129, 'CO2', 433, '2026-03-27 13:44:00.012322', 8),
(1130, 'BRIGHT', 76, '2026-03-27 13:44:00.085743', 9),
(1131, 'HUMI', 44.4, '2026-03-27 13:44:00.334341', 2),
(1132, 'TEMP', 29.5, '2026-03-27 13:44:00.334451', 1),
(1133, 'BRIGHT', 76, '2026-03-27 13:44:16.453857', 9),
(1134, 'TEMP', 29.2, '2026-03-27 13:44:16.806285', 1),
(1135, 'HUMI', 43, '2026-03-27 13:44:17.113247', 2),
(1136, 'BRIGHT', 76, '2026-03-27 13:44:33.208135', 9),
(1137, 'TEMP', 29, '2026-03-27 13:44:33.767973', 1),
(1138, 'HUMI', 42.5, '2026-03-27 13:44:34.114644', 2),
(1139, 'BRIGHT', 75, '2026-03-27 13:44:49.902186', 9),
(1140, 'TEMP', 28.8, '2026-03-27 13:44:50.234644', 1),
(1141, 'HUMI', 42.7, '2026-03-27 13:44:50.511101', 2),
(1142, 'CO2', 391, '2026-03-27 13:45:00.014447', 8),
(1143, 'BRIGHT', 76, '2026-03-27 13:45:06.486208', 9),
(1144, 'TEMP', 28.8, '2026-03-27 13:45:06.775272', 1),
(1145, 'HUMI', 43.7, '2026-03-27 13:45:07.051039', 2),
(1146, 'BRIGHT', 77, '2026-03-27 13:45:23.263152', 9),
(1147, 'TEMP', 29.3, '2026-03-27 13:45:23.572310', 1),
(1148, 'HUMI', 43.2, '2026-03-27 13:45:23.884380', 2),
(1149, 'BRIGHT', 77, '2026-03-27 13:45:39.851245', 9),
(1150, 'TEMP', 29.6, '2026-03-27 13:45:40.159582', 1),
(1151, 'HUMI', 42.4, '2026-03-27 13:45:40.464153', 2),
(1152, 'CO2', 417, '2026-03-27 13:46:00.014604', 8),
(1153, 'CO2', 385, '2026-03-27 13:47:00.020665', 8),
(1154, 'CO2', 437, '2026-03-27 13:48:00.026892', 8),
(1155, 'CO2', 381, '2026-03-27 13:49:00.020963', 8),
(1156, 'BRIGHT', 73, '2026-03-27 13:49:21.033827', 9),
(1157, 'TEMP', 30.2, '2026-03-27 13:49:21.330264', 1),
(1158, 'HUMI', 40.6, '2026-03-27 13:49:21.566917', 2),
(1159, 'CO2', 378, '2026-03-27 13:50:00.013934', 8),
(1160, 'CO2', 361, '2026-03-27 13:51:00.021248', 8),
(1161, 'CO2', 404, '2026-03-27 13:52:00.020638', 8),
(1162, 'CO2', 392, '2026-03-27 13:53:00.008825', 8),
(1163, 'TEMP', 29.5, '2026-03-27 13:53:06.723625', 1),
(1164, 'HUMI', 42.3, '2026-03-27 13:53:06.723695', 2),
(1165, 'BRIGHT', 73, '2026-03-27 13:53:06.725557', 9),
(1166, 'BRIGHT', 71, '2026-03-27 13:53:13.071067', 9),
(1167, 'TEMP', 29.4, '2026-03-27 13:53:13.379483', 1),
(1168, 'HUMI', 42.3, '2026-03-27 13:53:13.379648', 2),
(1169, 'BRIGHT', 72, '2026-03-27 13:53:19.316884', 9),
(1170, 'TEMP', 29.4, '2026-03-27 13:53:19.629080', 1),
(1171, 'HUMI', 42.2, '2026-03-27 13:53:19.935290', 2),
(1172, 'BRIGHT', 69, '2026-03-27 13:53:25.771542', 9),
(1173, 'TEMP', 29.3, '2026-03-27 13:53:26.076014', 1),
(1174, 'HUMI', 41.9, '2026-03-27 13:53:26.384096', 2),
(1175, 'BRIGHT', 72, '2026-03-27 13:53:32.468368', 9),
(1176, 'TEMP', 29.3, '2026-03-27 13:53:32.838026', 1),
(1177, 'HUMI', 42.1, '2026-03-27 13:53:33.171549', 2),
(1178, 'BRIGHT', 74, '2026-03-27 13:53:39.082150', 9),
(1179, 'TEMP', 29.3, '2026-03-27 13:53:39.386534', 1),
(1180, 'HUMI', 42.1, '2026-03-27 13:53:39.695828', 2),
(1181, 'BRIGHT', 70, '2026-03-27 13:53:45.744028', 9),
(1182, 'TEMP', 29.2, '2026-03-27 13:53:46.046089', 1),
(1183, 'HUMI', 42.2, '2026-03-27 13:53:46.355706', 2),
(1184, 'BRIGHT', 75, '2026-03-27 13:53:52.293223', 9),
(1185, 'TEMP', 29.2, '2026-03-27 13:53:52.599485', 1),
(1186, 'HUMI', 42.2, '2026-03-27 13:53:52.905201', 2),
(1187, 'BRIGHT', 73, '2026-03-27 13:53:58.745497', 9),
(1188, 'TEMP', 29.2, '2026-03-27 13:53:59.010734', 1),
(1189, 'HUMI', 42.3, '2026-03-27 13:53:59.256124', 2),
(1190, 'CO2', 444, '2026-03-27 13:54:00.020550', 8),
(1191, 'BRIGHT', 74, '2026-03-27 13:54:05.233420', 9),
(1192, 'TEMP', 29.1, '2026-03-27 13:54:05.506506', 1),
(1193, 'HUMI', 42.3, '2026-03-27 13:54:05.811696', 2),
(1194, 'BRIGHT', 74, '2026-03-27 13:54:11.952892', 9),
(1195, 'TEMP', 29.1, '2026-03-27 13:54:12.260184', 1),
(1196, 'HUMI', 42.5, '2026-03-27 13:54:12.571417', 2),
(1197, 'BRIGHT', 73, '2026-03-27 13:54:18.302152', 9),
(1198, 'TEMP', 29.1, '2026-03-27 13:54:18.609846', 1),
(1199, 'HUMI', 42.6, '2026-03-27 13:54:19.223910', 2),
(1200, 'BRIGHT', 73, '2026-03-27 13:54:24.956475', 9),
(1201, 'TEMP', 29.1, '2026-03-27 13:54:25.265251', 1),
(1202, 'HUMI', 43.6, '2026-03-27 13:54:25.573333', 2),
(1203, 'BRIGHT', 73, '2026-03-27 13:54:31.445773', 9),
(1204, 'HUMI', 43.6, '2026-03-27 13:54:31.927771', 2),
(1205, 'TEMP', 29, '2026-03-27 13:54:32.229095', 1),
(1206, 'BRIGHT', 73, '2026-03-27 13:54:37.860354', 9),
(1207, 'TEMP', 29, '2026-03-27 13:54:38.164715', 1),
(1208, 'HUMI', 43.9, '2026-03-27 13:54:38.474015', 2),
(1209, 'BRIGHT', 73, '2026-03-27 13:54:44.343354', 9),
(1210, 'TEMP', 29, '2026-03-27 13:54:44.628363', 1),
(1211, 'HUMI', 44.1, '2026-03-27 13:54:44.919253', 2),
(1212, 'BRIGHT', 74, '2026-03-27 13:54:50.799208', 9),
(1213, 'TEMP', 28.9, '2026-03-27 13:54:51.067603', 1),
(1214, 'HUMI', 43.5, '2026-03-27 13:54:51.379314', 2),
(1215, 'BRIGHT', 72, '2026-03-27 13:54:57.154460', 9),
(1216, 'TEMP', 28.9, '2026-03-27 13:54:57.419288', 1),
(1217, 'HUMI', 43.1, '2026-03-27 13:54:57.742361', 2),
(1218, 'CO2', 359, '2026-03-27 13:55:00.009889', 8),
(1219, 'BRIGHT', 74, '2026-03-27 13:55:03.745109', 9),
(1220, 'TEMP', 28.8, '2026-03-27 13:55:04.105068', 1),
(1221, 'HUMI', 42.9, '2026-03-27 13:55:04.372164', 2),
(1222, 'BRIGHT', 72, '2026-03-27 13:55:10.116699', 9),
(1223, 'TEMP', 28.8, '2026-03-27 13:55:10.424478', 1),
(1224, 'HUMI', 43, '2026-03-27 13:55:10.726785', 2),
(1225, 'BRIGHT', 73, '2026-03-27 13:55:16.567667', 9),
(1226, 'TEMP', 28.8, '2026-03-27 13:55:16.874571', 1),
(1227, 'HUMI', 42.8, '2026-03-27 13:55:17.182970', 2),
(1228, 'BRIGHT', 73, '2026-03-27 13:55:23.262066', 9),
(1229, 'TEMP', 28.8, '2026-03-27 13:55:23.561750', 1),
(1230, 'HUMI', 42.9, '2026-03-27 13:55:23.828823', 2),
(1231, 'BRIGHT', 74, '2026-03-27 13:55:29.776292', 9),
(1232, 'TEMP', 28.8, '2026-03-27 13:55:30.080502', 1),
(1233, 'HUMI', 43.6, '2026-03-27 13:55:30.386635', 2),
(1234, 'BRIGHT', 73, '2026-03-27 13:55:36.431655', 9),
(1235, 'TEMP', 28.8, '2026-03-27 13:55:36.717630', 1),
(1236, 'HUMI', 43.5, '2026-03-27 13:55:36.952770', 2),
(1237, 'BRIGHT', 72, '2026-03-27 13:55:43.027683', 9),
(1238, 'TEMP', 28.8, '2026-03-27 13:55:43.298452', 1),
(1239, 'HUMI', 43.5, '2026-03-27 13:55:43.582534', 2),
(1240, 'BRIGHT', 73, '2026-03-27 13:55:49.643717', 9),
(1241, 'TEMP', 28.8, '2026-03-27 13:55:49.950063', 1),
(1242, 'HUMI', 43.5, '2026-03-27 13:55:50.219315', 2),
(1243, 'BRIGHT', 72, '2026-03-27 13:55:56.191822', 9),
(1244, 'TEMP', 28.8, '2026-03-27 13:55:56.500821', 1),
(1245, 'HUMI', 43.6, '2026-03-27 13:55:56.773036', 2),
(1246, 'CO2', 433, '2026-03-27 13:56:00.026246', 8),
(1247, 'BRIGHT', 73, '2026-03-27 13:56:02.651281', 9),
(1248, 'TEMP', 28.9, '2026-03-27 13:56:02.890327', 1),
(1249, 'HUMI', 43.8, '2026-03-27 13:56:03.153827', 2),
(1250, 'BRIGHT', 73, '2026-03-27 13:56:09.306623', 9),
(1251, 'TEMP', 28.9, '2026-03-27 13:56:09.655764', 1),
(1252, 'HUMI', 44, '2026-03-27 13:56:09.917273', 2),
(1253, 'BRIGHT', 73, '2026-03-27 13:56:15.749881', 9),
(1254, 'TEMP', 28.9, '2026-03-27 13:56:16.061595', 1),
(1255, 'HUMI', 43.7, '2026-03-27 13:56:16.369402', 2),
(1256, 'BRIGHT', 73, '2026-03-27 13:56:28.662446', 9),
(1257, 'TEMP', 28.9, '2026-03-27 13:56:28.961893', 1),
(1258, 'HUMI', 43.9, '2026-03-27 13:56:29.269326', 2),
(1259, 'CO2', 450, '2026-03-27 13:57:00.025675', 8),
(1260, 'CO2', 411, '2026-03-27 13:58:00.021135', 8),
(1261, 'BRIGHT', 73, '2026-03-27 13:58:06.651073', 9),
(1262, 'TEMP', 27.8, '2026-03-27 13:58:06.956726', 1),
(1263, 'BRIGHT', 67, '2026-03-27 13:58:13.314819', 9),
(1264, 'TEMP', 27.8, '2026-03-27 13:58:13.613080', 1),
(1265, 'BRIGHT', 67, '2026-03-27 13:58:19.866232', 9),
(1266, 'TEMP', 27.7, '2026-03-27 13:58:20.168442', 1),
(1267, 'HUMI', 45.8, '2026-03-27 13:58:20.477658', 2),
(1268, 'BRIGHT', 68, '2026-03-27 13:58:26.209094', 9),
(1269, 'BRIGHT', 67, '2026-03-27 13:58:52.426113', 9),
(1270, 'BRIGHT', 64, '2026-03-27 13:58:59.083488', 9),
(1271, 'TEMP', 27.6, '2026-03-27 13:58:59.385586', 1),
(1272, 'CO2', 386, '2026-03-27 13:59:00.020517', 8),
(1273, 'BRIGHT', 66, '2026-03-27 13:59:05.544310', 9),
(1274, 'TEMP', 27.6, '2026-03-27 13:59:05.835800', 1),
(1275, 'BRIGHT', 68, '2026-03-27 13:59:12.186467', 9),
(1276, 'TEMP', 27.6, '2026-03-27 13:59:12.492172', 1),
(1277, 'HUMI', 46.3, '2026-03-27 13:59:12.800271', 2),
(1278, 'BRIGHT', 72, '2026-03-27 13:59:18.950420', 9),
(1279, 'BRIGHT', 73, '2026-03-27 13:59:25.398334', 9),
(1280, 'BRIGHT', 74, '2026-03-27 13:59:31.746214', 9),
(1281, 'TEMP', 27.5, '2026-03-27 13:59:32.061147', 1),
(1282, 'BRIGHT', 74, '2026-03-27 13:59:38.158339', 9),
(1283, 'TEMP', 27.5, '2026-03-27 13:59:38.479588', 1),
(1284, 'BRIGHT', 69, '2026-03-27 13:59:44.801466', 9),
(1285, 'TEMP', 27.4, '2026-03-27 13:59:45.161664', 1),
(1286, 'BRIGHT', 73, '2026-03-27 13:59:51.610272', 9),
(1287, 'TEMP', 27.4, '2026-03-27 13:59:51.918059', 1),
(1288, 'HUMI', 46.8, '2026-03-27 13:59:52.226320', 2),
(1289, 'BRIGHT', 74, '2026-03-27 13:59:58.184811', 9),
(1290, 'TEMP', 27.4, '2026-03-27 13:59:58.473373', 1),
(1291, 'HUMI', 47, '2026-03-27 13:59:58.783008', 2),
(1292, 'CO2', 379, '2026-03-27 14:00:00.011647', 8),
(1293, 'BRIGHT', 73, '2026-03-27 14:00:05.025582', 9),
(1294, 'TEMP', 27.4, '2026-03-27 14:00:05.339972', 1),
(1295, 'HUMI', 46.9, '2026-03-27 14:00:05.637701', 2),
(1296, 'BRIGHT', 73, '2026-03-27 14:00:11.888747', 9),
(1297, 'TEMP', 27.4, '2026-03-27 14:00:12.196714', 1),
(1298, 'HUMI', 46.9, '2026-03-27 14:00:12.500207', 2),
(1299, 'BRIGHT', 64, '2026-03-27 14:00:18.455784', 9),
(1300, 'TEMP', 27.3, '2026-03-27 14:00:18.749505', 1),
(1301, 'HUMI', 47, '2026-03-27 14:00:19.053273', 2),
(1302, 'BRIGHT', 69, '2026-03-27 14:00:25.197625', 9),
(1303, 'TEMP', 27.3, '2026-03-27 14:00:25.507163', 1),
(1304, 'HUMI', 47.6, '2026-03-27 14:00:25.813747', 2),
(1305, 'BRIGHT', 67, '2026-03-27 14:00:31.755272', 9),
(1306, 'HUMI', 47.3, '2026-03-27 14:00:32.364784', 2),
(1307, 'BRIGHT', 73, '2026-03-27 14:00:38.407610', 9),
(1308, 'TEMP', 27.3, '2026-03-27 14:00:38.713014', 1),
(1309, 'HUMI', 47, '2026-03-27 14:00:39.019840', 2),
(1310, 'BRIGHT', 70, '2026-03-27 14:00:44.960913', 9),
(1311, 'TEMP', 27.3, '2026-03-27 14:00:45.229200', 1),
(1312, 'HUMI', 47.2, '2026-03-27 14:00:45.475842', 2),
(1313, 'BRIGHT', 72, '2026-03-27 14:00:51.617301', 9),
(1314, 'TEMP', 27.3, '2026-03-27 14:00:51.924862', 1),
(1315, 'HUMI', 47.3, '2026-03-27 14:00:52.232826', 2),
(1316, 'BRIGHT', 70, '2026-03-27 14:00:58.066512', 9),
(1317, 'TEMP', 27.3, '2026-03-27 14:00:58.375919', 1),
(1318, 'HUMI', 47.2, '2026-03-27 14:00:58.683580', 2),
(1319, 'CO2', 381, '2026-03-27 14:01:00.015445', 8),
(1320, 'BRIGHT', 71, '2026-03-27 14:01:04.520300', 9),
(1321, 'TEMP', 27.3, '2026-03-27 14:01:04.829245', 1),
(1322, 'HUMI', 47.3, '2026-03-27 14:01:05.042716', 2),
(1323, 'BRIGHT', 74, '2026-03-27 14:01:11.275205', 9),
(1324, 'TEMP', 27.3, '2026-03-27 14:01:11.587514', 1),
(1325, 'HUMI', 47.3, '2026-03-27 14:01:11.891695', 2),
(1326, 'BRIGHT', 69, '2026-03-27 14:01:49.783813', 9),
(1327, 'TEMP', 27.3, '2026-03-27 14:01:50.085544', 1),
(1328, 'HUMI', 47.5, '2026-03-27 14:01:50.397013', 2),
(1329, 'CO2', 393, '2026-03-27 14:02:00.027794', 8),
(1330, 'BRIGHT', 70, '2026-03-27 14:02:01.287926', 9),
(1331, 'TEMP', 27.2, '2026-03-27 14:02:01.556661', 1),
(1332, 'HUMI', 47.7, '2026-03-27 14:02:01.864146', 2),
(1333, 'BRIGHT', 69, '2026-03-27 14:02:12.738143', 9),
(1334, 'TEMP', 27.3, '2026-03-27 14:02:13.022419', 1),
(1335, 'HUMI', 48.1, '2026-03-27 14:02:13.331643', 2),
(1336, 'BRIGHT', 69, '2026-03-27 14:02:24.303036', 9),
(1337, 'TEMP', 27.3, '2026-03-27 14:02:25.001727', 1),
(1338, 'HUMI', 47.9, '2026-03-27 14:02:25.001809', 2),
(1339, 'CO2', 363, '2026-03-27 14:03:00.033874', 8),
(1340, 'CO2', 413, '2026-03-27 14:04:00.015212', 8),
(1341, 'CO2', 394, '2026-03-27 14:05:00.011523', 8),
(1342, 'CO2', 357, '2026-03-27 14:06:00.022732', 8),
(1343, 'CO2', 378, '2026-03-27 14:07:00.017109', 8),
(1344, 'CO2', 382, '2026-03-27 14:08:00.023723', 8),
(1345, 'CO2', 355, '2026-03-27 14:09:00.025060', 8),
(1346, 'BRIGHT', 70, '2026-03-27 14:09:29.746404', 9),
(1347, 'TEMP', 26.8, '2026-03-27 14:09:30.063335', 1),
(1348, 'HUMI', 48.1, '2026-03-27 14:09:30.375861', 2),
(1349, 'BRIGHT', 69, '2026-03-27 14:09:41.227367', 9),
(1350, 'TEMP', 26.8, '2026-03-27 14:09:41.534214', 1),
(1351, 'HUMI', 48.7, '2026-03-27 14:09:41.844866', 2),
(1352, 'BRIGHT', 72, '2026-03-27 14:09:52.801211', 9),
(1353, 'TEMP', 26.7, '2026-03-27 14:09:53.109140', 1),
(1354, 'HUMI', 48.7, '2026-03-27 14:09:53.411696', 2),
(1355, 'CO2', 359, '2026-03-27 14:10:00.022478', 8),
(1356, 'BRIGHT', 72, '2026-03-27 14:10:04.375594', 9),
(1357, 'TEMP', 26.7, '2026-03-27 14:10:04.680954', 1),
(1358, 'HUMI', 48.6, '2026-03-27 14:10:04.965442', 2),
(1359, 'BRIGHT', 71, '2026-03-27 14:10:15.854408', 9),
(1360, 'TEMP', 26.7, '2026-03-27 14:10:16.146933', 1),
(1361, 'HUMI', 52.2, '2026-03-27 14:10:16.454210', 2),
(1362, 'BRIGHT', 69, '2026-03-27 14:10:27.671366', 9),
(1363, 'TEMP', 26.7, '2026-03-27 14:10:27.936520', 1),
(1364, 'HUMI', 51.7, '2026-03-27 14:10:28.229988', 2),
(1365, 'BRIGHT', 67, '2026-03-27 14:10:39.410636', 9),
(1366, 'TEMP', 26.7, '2026-03-27 14:10:39.728554', 1),
(1367, 'HUMI', 49.7, '2026-03-27 14:10:40.006759', 2),
(1368, 'BRIGHT', 75, '2026-03-27 14:10:51.165206', 9),
(1369, 'TEMP', 26.7, '2026-03-27 14:10:51.479235', 1),
(1370, 'HUMI', 49.1, '2026-03-27 14:10:51.783770', 2),
(1371, 'CO2', 352, '2026-03-27 14:11:00.020324', 8),
(1372, 'BRIGHT', 75, '2026-03-27 14:11:02.640636', 9),
(1373, 'TEMP', 26.7, '2026-03-27 14:11:02.948111', 1),
(1374, 'HUMI', 49.8, '2026-03-27 14:11:03.252850', 2),
(1375, 'BRIGHT', 74, '2026-03-27 14:11:14.006987', 9),
(1376, 'TEMP', 27.1, '2026-03-27 14:11:14.309324', 1),
(1377, 'HUMI', 49.4, '2026-03-27 14:11:14.621774', 2),
(1378, 'BRIGHT', 73, '2026-03-27 14:11:25.370363', 9),
(1379, 'TEMP', 28.9, '2026-03-27 14:11:25.637013', 1),
(1380, 'HUMI', 47.3, '2026-03-27 14:11:25.864386', 2),
(1381, 'BRIGHT', 77, '2026-03-27 14:11:36.859020', 9),
(1382, 'TEMP', 30.7, '2026-03-27 14:11:37.149520', 1),
(1383, 'HUMI', 44.4, '2026-03-27 14:11:37.359853', 2),
(1384, 'BRIGHT', 100, '2026-03-27 14:11:48.434688', 9),
(1385, 'TEMP', 30.6, '2026-03-27 14:11:48.716152', 1),
(1386, 'HUMI', 41.7, '2026-03-27 14:11:49.026131', 2),
(1387, 'CO2', 395, '2026-03-27 14:12:00.019116', 8),
(1388, 'BRIGHT', 75, '2026-03-27 14:12:00.082479', 9),
(1389, 'TEMP', 30.6, '2026-03-27 14:12:00.390552', 1),
(1390, 'HUMI', 40.8, '2026-03-27 14:12:00.701617', 2),
(1391, 'BRIGHT', 74, '2026-03-27 14:12:11.855431', 9),
(1392, 'TEMP', 30.5, '2026-03-27 14:12:12.117839', 1),
(1393, 'HUMI', 40.4, '2026-03-27 14:12:12.366455', 2),
(1394, 'BRIGHT', 74, '2026-03-27 14:12:23.727180', 9),
(1395, 'TEMP', 30.4, '2026-03-27 14:12:23.950800', 1),
(1396, 'HUMI', 40.2, '2026-03-27 14:12:24.274691', 2),
(1397, 'BRIGHT', 75, '2026-03-27 14:12:35.105789', 9),
(1398, 'TEMP', 30.3, '2026-03-27 14:12:35.409214', 1),
(1399, 'HUMI', 40.3, '2026-03-27 14:12:35.717458', 2),
(1400, 'BRIGHT', 77, '2026-03-27 14:12:46.402033', 9),
(1401, 'TEMP', 30.2, '2026-03-27 14:12:46.627687', 1),
(1402, 'HUMI', 40.6, '2026-03-27 14:12:46.856190', 2),
(1403, 'BRIGHT', 74, '2026-03-27 14:12:57.736545', 9),
(1404, 'TEMP', 30.1, '2026-03-27 14:12:58.038269', 1),
(1405, 'HUMI', 40.7, '2026-03-27 14:12:58.346660', 2),
(1406, 'CO2', 397, '2026-03-27 14:13:00.019143', 8),
(1407, 'BRIGHT', 73, '2026-03-27 14:13:09.305499', 9),
(1408, 'TEMP', 30, '2026-03-27 14:13:09.620886', 1),
(1409, 'HUMI', 41, '2026-03-27 14:13:09.926415', 2),
(1410, 'BRIGHT', 75, '2026-03-27 14:13:20.820275', 9),
(1411, 'TEMP', 30, '2026-03-27 14:13:21.188560', 1),
(1412, 'HUMI', 40.9, '2026-03-27 14:13:21.486432', 2),
(1413, 'BRIGHT', 76, '2026-03-27 14:13:32.342501', 9),
(1414, 'TEMP', 29.9, '2026-03-27 14:13:32.749016', 1),
(1415, 'HUMI', 40.8, '2026-03-27 14:13:32.957464', 2),
(1416, 'CO2', 414, '2026-03-27 14:14:00.023794', 8),
(1417, 'CO2', 351, '2026-03-27 14:15:00.019882', 8),
(1418, 'CO2', 406, '2026-03-27 14:16:00.020737', 8),
(1419, 'CO2', 442, '2026-03-27 14:17:00.019968', 8),
(1420, 'CO2', 384, '2026-03-27 14:18:00.009067', 8),
(1421, 'BRIGHT', 76, '2026-03-27 14:18:08.825408', 9),
(1422, 'TEMP', 27.6, '2026-03-27 14:18:09.127431', 1),
(1423, 'HUMI', 45.2, '2026-03-27 14:18:09.441966', 2),
(1424, 'BRIGHT', 76, '2026-03-27 14:18:19.985976', 9),
(1425, 'TEMP', 27.6, '2026-03-27 14:18:20.293816', 1),
(1426, 'HUMI', 45.3, '2026-03-27 14:18:20.599752', 2),
(1427, 'BRIGHT', 76, '2026-03-27 14:18:31.558327', 9),
(1428, 'TEMP', 27.5, '2026-03-27 14:18:31.863559', 1),
(1429, 'HUMI', 45.4, '2026-03-27 14:18:32.172691', 2),
(1430, 'BRIGHT', 77, '2026-03-27 14:18:42.924587', 9),
(1431, 'HUMI', 45.5, '2026-03-27 14:18:43.232111', 2),
(1432, 'TEMP', 27.4, '2026-03-27 14:18:43.232269', 1),
(1433, 'BRIGHT', 75, '2026-03-27 14:18:54.310542', 9),
(1434, 'TEMP', 27.4, '2026-03-27 14:18:54.599116', 1),
(1435, 'HUMI', 45.5, '2026-03-27 14:18:54.886829', 2),
(1436, 'CO2', 395, '2026-03-27 14:19:00.020191', 8),
(1437, 'BRIGHT', 73, '2026-03-27 14:19:05.767182', 9),
(1438, 'TEMP', 27.3, '2026-03-27 14:19:06.064830', 1),
(1439, 'HUMI', 45.7, '2026-03-27 14:19:06.373982', 2),
(1440, 'BRIGHT', 77, '2026-03-27 14:19:17.209610', 9),
(1441, 'TEMP', 27.3, '2026-03-27 14:19:17.460272', 1),
(1442, 'HUMI', 46.7, '2026-03-27 14:19:17.692658', 2),
(1443, 'BRIGHT', 76, '2026-03-27 14:19:28.923749', 9),
(1444, 'TEMP', 27.3, '2026-03-27 14:19:29.175092', 1),
(1445, 'HUMI', 47.2, '2026-03-27 14:19:29.418109', 2),
(1446, 'BRIGHT', 76, '2026-03-27 14:19:40.224387', 9),
(1447, 'TEMP', 27.4, '2026-03-27 14:19:40.521978', 1),
(1448, 'HUMI', 47.1, '2026-03-27 14:19:40.762883', 2),
(1449, 'BRIGHT', 76, '2026-03-27 14:19:51.878552', 9),
(1450, 'TEMP', 27.5, '2026-03-27 14:19:52.136586', 1),
(1451, 'HUMI', 47.7, '2026-03-27 14:19:52.596029', 2),
(1452, 'CO2', 398, '2026-03-27 14:20:00.016142', 8),
(1453, 'TEMP', 27.6, '2026-03-27 14:20:03.610373', 1),
(1454, 'BRIGHT', 76, '2026-03-27 14:20:03.664926', 9),
(1455, 'HUMI', 47.5, '2026-03-27 14:20:03.880679', 2),
(1456, 'BRIGHT', 76, '2026-03-27 14:20:14.818130', 9),
(1457, 'TEMP', 27.7, '2026-03-27 14:20:15.057481', 1),
(1458, 'HUMI', 47.3, '2026-03-27 14:20:15.322092', 2),
(1459, 'BRIGHT', 73, '2026-03-27 14:20:26.494161', 9),
(1460, 'TEMP', 27.8, '2026-03-27 14:20:26.733077', 1),
(1461, 'HUMI', 47, '2026-03-27 14:20:27.006659', 2),
(1462, 'BRIGHT', 74, '2026-03-27 14:20:37.769312', 9),
(1463, 'TEMP', 27.9, '2026-03-27 14:20:38.175853', 1),
(1464, 'HUMI', 46.6, '2026-03-27 14:20:38.421708', 2),
(1465, 'BRIGHT', 74, '2026-03-27 14:20:49.237679', 9),
(1466, 'TEMP', 27.9, '2026-03-27 14:20:49.489621', 1),
(1467, 'HUMI', 46, '2026-03-27 14:20:49.730869', 2),
(1468, 'CO2', 389, '2026-03-27 14:21:00.019921', 8),
(1469, 'BRIGHT', 75, '2026-03-27 14:21:00.857538', 9),
(1470, 'TEMP', 28, '2026-03-27 14:21:01.083623', 1),
(1471, 'HUMI', 46.1, '2026-03-27 14:21:01.327722', 2),
(1472, 'BRIGHT', 75, '2026-03-27 14:21:12.415342', 9),
(1473, 'TEMP', 28.1, '2026-03-27 14:21:12.693693', 1),
(1474, 'HUMI', 45.7, '2026-03-27 14:21:12.943243', 2),
(1475, 'BRIGHT', 75, '2026-03-27 14:21:24.002144', 9),
(1476, 'TEMP', 28.1, '2026-03-27 14:21:24.247383', 1),
(1477, 'HUMI', 45.5, '2026-03-27 14:21:24.498880', 2),
(1478, 'BRIGHT', 74, '2026-03-27 14:21:35.507946', 9),
(1479, 'TEMP', 28.2, '2026-03-27 14:21:35.733805', 1),
(1480, 'HUMI', 45.4, '2026-03-27 14:21:36.138820', 2),
(1481, 'BRIGHT', 75, '2026-03-27 14:21:46.988973', 9),
(1482, 'TEMP', 28.2, '2026-03-27 14:21:47.220590', 1),
(1483, 'HUMI', 46.7, '2026-03-27 14:21:47.484861', 2),
(1484, 'BRIGHT', 75, '2026-03-27 14:21:58.569808', 9),
(1485, 'TEMP', 28.2, '2026-03-27 14:21:58.868166', 1),
(1486, 'HUMI', 46.2, '2026-03-27 14:21:59.142439', 2),
(1487, 'CO2', 413, '2026-03-27 14:22:00.028531', 8),
(1488, 'BRIGHT', 76, '2026-03-27 14:22:10.283380', 9),
(1489, 'TEMP', 28.1, '2026-03-27 14:22:10.330891', 1),
(1490, 'HUMI', 45.8, '2026-03-27 14:22:10.581567', 2),
(1491, 'BRIGHT', 76, '2026-03-27 14:22:21.513932', 9),
(1492, 'TEMP', 28, '2026-03-27 14:22:21.751848', 1),
(1493, 'HUMI', 45.7, '2026-03-27 14:22:22.001497', 2),
(1494, 'BRIGHT', 75, '2026-03-27 14:22:32.983410', 9),
(1495, 'TEMP', 28, '2026-03-27 14:22:33.232625', 1),
(1496, 'HUMI', 45.7, '2026-03-27 14:22:33.661226', 2),
(1497, 'BRIGHT', 75, '2026-03-27 14:22:44.541768', 9),
(1498, 'TEMP', 28.4, '2026-03-27 14:22:44.851994', 1),
(1499, 'HUMI', 46.7, '2026-03-27 14:22:45.097392', 2),
(1500, 'BRIGHT', 75, '2026-03-27 14:22:56.222822', 9),
(1501, 'TEMP', 29.9, '2026-03-27 14:22:56.489816', 1),
(1502, 'HUMI', 45.5, '2026-03-27 14:22:56.776522', 2),
(1503, 'CO2', 411, '2026-03-27 14:23:00.020452', 8),
(1504, 'BRIGHT', 100, '2026-03-27 14:23:07.806066', 9),
(1505, 'TEMP', 30.6, '2026-03-27 14:23:08.093702', 1),
(1506, 'HUMI', 43.5, '2026-03-27 14:23:08.421470', 2),
(1507, 'BRIGHT', 67, '2026-03-27 14:23:19.298842', 9),
(1508, 'TEMP', 30.6, '2026-03-27 14:23:19.534081', 1),
(1509, 'HUMI', 42.3, '2026-03-27 14:23:19.780265', 2),
(1510, 'BRIGHT', 68, '2026-03-27 14:23:30.666589', 9),
(1511, 'TEMP', 30.4, '2026-03-27 14:23:30.925669', 1),
(1512, 'HUMI', 41.5, '2026-03-27 14:23:31.172832', 2),
(1513, 'BRIGHT', 70, '2026-03-27 14:23:42.040294', 9),
(1514, 'TEMP', 30.1, '2026-03-27 14:23:42.349537', 1),
(1515, 'HUMI', 41.3, '2026-03-27 14:23:42.589140', 2),
(1516, 'BRIGHT', 66, '2026-03-27 14:23:53.720693', 9),
(1517, 'TEMP', 29.9, '2026-03-27 14:23:53.971472', 1),
(1518, 'HUMI', 41.3, '2026-03-27 14:23:54.270114', 2),
(1519, 'CO2', 433, '2026-03-27 14:24:00.015226', 8),
(1520, 'BRIGHT', 67, '2026-03-27 14:24:05.204903', 9),
(1521, 'TEMP', 29.6, '2026-03-27 14:24:05.445401', 1),
(1522, 'HUMI', 41.7, '2026-03-27 14:24:05.708521', 2),
(1523, 'BRIGHT', 68, '2026-03-27 14:24:16.889250', 9),
(1524, 'TEMP', 29.5, '2026-03-27 14:24:17.168196', 1),
(1525, 'HUMI', 42.1, '2026-03-27 14:24:17.412661', 2),
(1526, 'BRIGHT', 76, '2026-03-27 14:24:28.481624', 9),
(1527, 'TEMP', 29.3, '2026-03-27 14:24:28.722688', 1),
(1528, 'HUMI', 43.8, '2026-03-27 14:24:28.963093', 2),
(1529, 'BRIGHT', 74, '2026-03-27 14:24:40.082225', 9),
(1530, 'TEMP', 29.1, '2026-03-27 14:24:40.308535', 1),
(1531, 'HUMI', 43.4, '2026-03-27 14:24:40.553191', 2),
(1532, 'BRIGHT', 76, '2026-03-27 14:24:51.658881', 9),
(1533, 'TEMP', 29, '2026-03-27 14:24:51.917483', 1),
(1534, 'HUMI', 43.2, '2026-03-27 14:24:52.165903', 2),
(1535, 'CO2', 447, '2026-03-27 14:25:00.018578', 8),
(1536, 'BRIGHT', 77, '2026-03-27 14:25:03.148838', 9),
(1537, 'TEMP', 28.8, '2026-03-27 14:25:03.399849', 1),
(1538, 'HUMI', 43.6, '2026-03-27 14:25:03.645940', 2),
(1539, 'BRIGHT', 77, '2026-03-27 14:25:14.627116', 9),
(1540, 'TEMP', 28.7, '2026-03-27 14:25:14.923076', 1),
(1541, 'HUMI', 43.6, '2026-03-27 14:25:15.167284', 2),
(1542, 'BRIGHT', 77, '2026-03-27 14:25:26.112401', 9),
(1543, 'TEMP', 28.6, '2026-03-27 14:25:26.348262', 1),
(1544, 'HUMI', 43.8, '2026-03-27 14:25:26.607349', 2),
(1545, 'DOOR_SENSOR', 1, '2026-03-27 14:25:31.439084', 6),
(1546, 'BRIGHT', 75, '2026-03-27 14:25:37.602361', 9),
(1547, 'TEMP', 28.5, '2026-03-27 14:25:37.945626', 1),
(1548, 'HUMI', 44.1, '2026-03-27 14:25:38.136619', 2),
(1549, 'BRIGHT', 76, '2026-03-27 14:25:49.683079', 9),
(1550, 'HUMI', 44.3, '2026-03-27 14:25:49.915027', 2),
(1551, 'TEMP', 28.4, '2026-03-27 14:25:49.915171', 1),
(1552, 'CO2', 365, '2026-03-27 14:26:00.026169', 8),
(1553, 'BRIGHT', 75, '2026-03-27 14:26:00.883592', 9),
(1554, 'TEMP', 28.4, '2026-03-27 14:26:01.212040', 1),
(1555, 'HUMI', 44.5, '2026-03-27 14:26:01.459181', 2),
(1556, 'BRIGHT', 77, '2026-03-27 14:26:12.554974', 9),
(1557, 'TEMP', 28.3, '2026-03-27 14:26:12.844907', 1),
(1558, 'HUMI', 44.8, '2026-03-27 14:26:13.113125', 2),
(1559, 'BRIGHT', 76, '2026-03-27 14:26:23.908544', 9),
(1560, 'TEMP', 28.2, '2026-03-27 14:26:24.152809', 1),
(1561, 'HUMI', 44.9, '2026-03-27 14:26:24.174816', 2),
(1562, 'BRIGHT', 76, '2026-03-27 14:26:35.081358', 9),
(1563, 'TEMP', 28.2, '2026-03-27 14:26:35.377839', 1),
(1564, 'HUMI', 45, '2026-03-27 14:26:35.620698', 2),
(1565, 'BRIGHT', 76, '2026-03-27 14:26:46.655509', 9),
(1566, 'TEMP', 28.1, '2026-03-27 14:26:47.069331', 1),
(1567, 'HUMI', 45.3, '2026-03-27 14:26:47.307610', 2),
(1568, 'BRIGHT', 75, '2026-03-27 14:26:58.231004', 9),
(1569, 'TEMP', 28, '2026-03-27 14:26:58.533219', 1),
(1570, 'HUMI', 45.4, '2026-03-27 14:26:58.772508', 2),
(1571, 'CO2', 388, '2026-03-27 14:27:00.020195', 8),
(1572, 'BRIGHT', 77, '2026-03-27 14:27:09.879636', 9),
(1573, 'TEMP', 28, '2026-03-27 14:27:10.080792', 1),
(1574, 'HUMI', 45.6, '2026-03-27 14:27:10.214360', 2),
(1575, 'BRIGHT', 77, '2026-03-27 14:27:21.185066', 9),
(1576, 'TEMP', 27.9, '2026-03-27 14:27:21.449855', 1),
(1577, 'HUMI', 46.4, '2026-03-27 14:27:21.690944', 2),
(1578, 'BRIGHT', 76, '2026-03-27 14:27:32.570025', 9),
(1579, 'TEMP', 27.9, '2026-03-27 14:27:32.812031', 1),
(1580, 'HUMI', 46.6, '2026-03-27 14:27:33.052869', 2),
(1581, 'BRIGHT', 75, '2026-03-27 14:27:43.964739', 9),
(1582, 'TEMP', 27.9, '2026-03-27 14:27:44.198516', 1),
(1583, 'HUMI', 46.5, '2026-03-27 14:27:44.461726', 2),
(1584, 'BRIGHT', 73, '2026-03-27 14:27:55.339337', 9),
(1585, 'TEMP', 27.9, '2026-03-27 14:27:55.582099', 1),
(1586, 'HUMI', 46.1, '2026-03-27 14:27:55.847442', 2),
(1587, 'CO2', 443, '2026-03-27 14:28:00.011089', 8),
(1588, 'BRIGHT', 11, '2026-03-27 14:28:06.818813', 9),
(1589, 'TEMP', 27.8, '2026-03-27 14:28:07.063607', 1),
(1590, 'HUMI', 45.8, '2026-03-27 14:28:07.314147', 2),
(1591, 'CO2', 362, '2026-03-27 14:29:00.011198', 8),
(1592, 'CO2', 380, '2026-03-27 14:30:00.007944', 8),
(1593, 'CO2', 430, '2026-03-27 14:31:00.005837', 8),
(1594, 'CO2', 441, '2026-04-12 10:56:00.027063', 8),
(1595, 'CO2', 445, '2026-04-20 22:43:00.044329', 8),
(1596, 'CO2', 406, '2026-04-20 22:43:00.045658', 8),
(1597, 'CO2', 395, '2026-04-20 22:44:00.020544', 8),
(1598, 'CO2', 413, '2026-04-20 22:44:00.021769', 8),
(1599, 'CO2', 447, '2026-04-20 22:45:00.020456', 8),
(1600, 'CO2', 431, '2026-04-20 22:45:00.021245', 8),
(1601, 'CO2', 390, '2026-04-20 22:46:00.028096', 8),
(1602, 'CO2', 367, '2026-04-20 22:46:00.028187', 8),
(1603, 'CO2', 440, '2026-04-20 22:47:00.015736', 8),
(1604, 'CO2', 384, '2026-04-20 22:47:00.015934', 8),
(1605, 'CO2', 350, '2026-04-20 22:48:00.030670', 8),
(1606, 'CO2', 413, '2026-04-20 22:48:00.030868', 8),
(1607, 'CO2', 416, '2026-04-20 22:49:00.013175', 8),
(1608, 'CO2', 380, '2026-04-20 22:49:00.013488', 8),
(1609, 'CO2', 392, '2026-04-20 22:50:00.034021', 8),
(1610, 'CO2', 438, '2026-04-20 22:50:00.035481', 8),
(1611, 'CO2', 366, '2026-04-20 22:51:00.021798', 8),
(1612, 'CO2', 397, '2026-04-20 22:51:00.021983', 8),
(1613, 'CO2', 430, '2026-04-20 22:52:00.025522', 8),
(1614, 'CO2', 363, '2026-04-20 22:52:00.027301', 8),
(1615, 'CO2', 375, '2026-04-20 22:53:00.020696', 8),
(1616, 'CO2', 368, '2026-04-20 22:53:00.020873', 8),
(1617, 'CO2', 354, '2026-04-20 22:54:00.028604', 8),
(1618, 'CO2', 437, '2026-04-20 22:54:00.030146', 8),
(1619, 'CO2', 394, '2026-04-20 22:55:00.025436', 8),
(1620, 'CO2', 415, '2026-04-20 22:55:00.025622', 8),
(1621, 'CO2', 393, '2026-04-20 22:56:00.016054', 8),
(1622, 'CO2', 406, '2026-04-20 22:56:00.016440', 8),
(1623, 'CO2', 429, '2026-04-20 22:57:00.019631', 8),
(1624, 'CO2', 425, '2026-04-20 22:57:00.019841', 8),
(1625, 'CO2', 445, '2026-04-20 22:58:00.015103', 8),
(1626, 'CO2', 417, '2026-04-20 22:58:00.015261', 8),
(1627, 'CO2', 391, '2026-04-20 22:59:00.033805', 8),
(1628, 'CO2', 357, '2026-04-20 22:59:00.033898', 8),
(1629, 'CO2', 357, '2026-04-20 23:00:00.022822', 8),
(1630, 'CO2', 377, '2026-04-20 23:00:00.025756', 8),
(1631, 'CO2', 358, '2026-04-20 23:01:00.023435', 8),
(1632, 'CO2', 406, '2026-04-20 23:01:00.024179', 8),
(1633, 'CO2', 439, '2026-04-20 23:02:00.023846', 8),
(1634, 'CO2', 375, '2026-04-20 23:02:00.024656', 8),
(1635, 'CO2', 360, '2026-04-20 23:03:00.029637', 8),
(1636, 'CO2', 417, '2026-04-20 23:03:00.029823', 8),
(1637, 'CO2', 368, '2026-04-20 23:04:00.016815', 8),
(1638, 'CO2', 414, '2026-04-20 23:04:00.017250', 8),
(1639, 'CO2', 386, '2026-04-20 23:05:00.008123', 8),
(1640, 'CO2', 436, '2026-04-20 23:05:00.008237', 8),
(1641, 'CO2', 435, '2026-04-20 23:06:00.026220', 8),
(1642, 'CO2', 436, '2026-04-20 23:06:00.026382', 8),
(1643, 'CO2', 386, '2026-04-20 23:07:00.017936', 8),
(1644, 'CO2', 393, '2026-04-20 23:07:00.018343', 8),
(1645, 'CO2', 361, '2026-04-20 23:08:00.010385', 8),
(1646, 'CO2', 439, '2026-04-20 23:08:00.010945', 8),
(1647, 'CO2', 424, '2026-04-20 23:09:00.016337', 8),
(1648, 'CO2', 405, '2026-04-20 23:09:00.016552', 8),
(1649, 'CO2', 361, '2026-04-20 23:10:00.029866', 8),
(1650, 'CO2', 370, '2026-04-20 23:10:00.029968', 8),
(1651, 'CO2', 396, '2026-04-28 07:48:00.069729', 8),
(1652, 'CO2', 437, '2026-04-28 07:48:00.070150', 8),
(1653, 'CO2', 448, '2026-04-28 07:49:00.030319', 8),
(1654, 'CO2', 418, '2026-04-28 07:49:00.030667', 8),
(1655, 'CO2', 417, '2026-04-28 07:50:00.029081', 8),
(1656, 'CO2', 431, '2026-04-28 07:50:00.029692', 8),
(1657, 'CO2', 418, '2026-04-28 07:51:00.014449', 8),
(1658, 'CO2', 377, '2026-04-28 07:51:00.014626', 8),
(1659, 'CO2', 431, '2026-04-28 07:52:00.025806', 8),
(1660, 'CO2', 441, '2026-04-28 07:52:00.025992', 8),
(1661, 'CO2', 439, '2026-04-28 07:53:00.023346', 8),
(1662, 'CO2', 444, '2026-04-28 07:53:00.024495', 8),
(1663, 'CO2', 410, '2026-04-28 07:54:00.046477', 8),
(1664, 'CO2', 399, '2026-04-28 07:54:00.047739', 8),
(1665, 'CO2', 402, '2026-04-28 07:55:00.028032', 8),
(1666, 'CO2', 445, '2026-04-28 07:55:00.028654', 8),
(1667, 'CO2', 386, '2026-04-28 07:56:00.019727', 8),
(1668, 'CO2', 437, '2026-04-28 07:56:00.020199', 8),
(1669, 'CO2', 416, '2026-04-28 07:57:00.027833', 8),
(1670, 'CO2', 397, '2026-04-28 07:57:00.027993', 8),
(1671, 'CO2', 372, '2026-04-28 07:58:00.017438', 8),
(1672, 'CO2', 450, '2026-04-28 07:58:00.017626', 8),
(1673, 'CO2', 448, '2026-04-28 07:59:00.018487', 8),
(1674, 'CO2', 400, '2026-04-28 07:59:00.018683', 8),
(1675, 'CO2', 442, '2026-04-28 08:00:00.024498', 8),
(1676, 'CO2', 442, '2026-04-28 08:00:00.025665', 8),
(1677, 'CO2', 435, '2026-04-28 08:01:00.018550', 8),
(1678, 'CO2', 419, '2026-04-28 08:01:00.018715', 8),
(1679, 'CO2', 414, '2026-04-28 08:02:00.023756', 8),
(1680, 'CO2', 369, '2026-04-28 08:02:00.024059', 8),
(1681, 'CO2', 351, '2026-04-28 08:03:00.013989', 8),
(1682, 'CO2', 376, '2026-04-28 08:03:00.014116', 8),
(1683, 'CO2', 412, '2026-04-28 08:04:00.036000', 8),
(1684, 'CO2', 359, '2026-04-28 08:04:00.036157', 8),
(1685, 'CO2', 357, '2026-04-28 08:05:00.021769', 8),
(1686, 'CO2', 377, '2026-04-28 08:05:00.021798', 8),
(1687, 'CO2', 443, '2026-04-28 08:06:00.013293', 8),
(1688, 'CO2', 415, '2026-04-28 08:06:00.013323', 8),
(1689, 'CO2', 420, '2026-04-28 08:07:00.032272', 8),
(1690, 'CO2', 444, '2026-04-28 08:07:00.032818', 8),
(1691, 'CO2', 437, '2026-04-28 08:08:00.037410', 8),
(1692, 'CO2', 447, '2026-04-28 08:08:00.037601', 8),
(1693, 'CO2', 433, '2026-04-28 08:09:00.014947', 8),
(1694, 'CO2', 414, '2026-04-28 08:09:00.015310', 8),
(1695, 'CO2', 450, '2026-04-28 08:10:00.011102', 8),
(1696, 'CO2', 369, '2026-04-28 08:10:00.011254', 8),
(1697, 'CO2', 398, '2026-04-28 08:11:00.017128', 8),
(1698, 'CO2', 399, '2026-04-28 08:11:00.017648', 8),
(1699, 'CO2', 434, '2026-04-28 08:12:00.022459', 8),
(1700, 'CO2', 374, '2026-04-28 08:12:00.024340', 8),
(1701, 'CO2', 375, '2026-04-28 08:13:00.019931', 8),
(1702, 'CO2', 443, '2026-04-28 08:13:00.020075', 8),
(1703, 'CO2', 433, '2026-04-28 08:14:00.027432', 8),
(1704, 'CO2', 388, '2026-04-28 08:14:00.027757', 8),
(1705, 'CO2', 363, '2026-04-28 08:15:00.024855', 8),
(1706, 'CO2', 368, '2026-04-28 08:15:00.025018', 8),
(1707, 'CO2', 373, '2026-04-28 08:16:00.012236', 8),
(1708, 'CO2', 385, '2026-04-28 08:16:00.012624', 8),
(1709, 'CO2', 368, '2026-04-28 08:17:00.018927', 8),
(1710, 'CO2', 376, '2026-04-28 08:17:00.019091', 8),
(1711, 'CO2', 350, '2026-04-28 08:18:00.022909', 8),
(1712, 'CO2', 392, '2026-04-28 08:18:00.023599', 8),
(1713, 'CO2', 387, '2026-04-28 08:19:00.022514', 8),
(1714, 'CO2', 436, '2026-04-28 08:19:00.022805', 8),
(1715, 'CO2', 390, '2026-04-28 08:20:00.020132', 8),
(1716, 'CO2', 421, '2026-04-28 08:20:00.020395', 8),
(1717, 'CO2', 405, '2026-04-28 08:21:00.025152', 8),
(1718, 'CO2', 412, '2026-04-28 08:21:00.025340', 8),
(1719, 'CO2', 421, '2026-04-28 08:22:00.015936', 8),
(1720, 'CO2', 430, '2026-04-28 08:22:00.016085', 8),
(1721, 'CO2', 375, '2026-04-28 08:23:00.018443', 8),
(1722, 'CO2', 420, '2026-04-28 08:23:00.018858', 8),
(1723, 'CO2', 443, '2026-04-28 08:24:00.025125', 8),
(1724, 'CO2', 389, '2026-04-28 08:24:00.025310', 8),
(1725, 'CO2', 405, '2026-04-28 08:25:00.022275', 8),
(1726, 'CO2', 351, '2026-04-28 08:25:00.022331', 8),
(1727, 'CO2', 373, '2026-04-28 08:26:00.024040', 8),
(1728, 'CO2', 432, '2026-04-28 08:26:00.024183', 8),
(1729, 'CO2', 402, '2026-04-28 08:27:00.015332', 8),
(1730, 'CO2', 408, '2026-04-28 08:27:00.015557', 8),
(1731, 'CO2', 404, '2026-04-28 08:29:00.034769', 8),
(1732, 'CO2', 354, '2026-04-28 08:29:00.035400', 8),
(1733, 'CO2', 354, '2026-04-28 08:30:00.019965', 8),
(1734, 'CO2', 417, '2026-04-28 08:30:00.021124', 8),
(1735, 'CO2', 355, '2026-04-28 08:31:00.014915', 8),
(1736, 'CO2', 416, '2026-04-28 08:31:00.015622', 8),
(1737, 'CO2', 389, '2026-04-28 08:32:00.020759', 8),
(1738, 'CO2', 353, '2026-04-28 08:32:00.021118', 8),
(1739, 'CO2', 390, '2026-04-28 08:33:00.014783', 8),
(1740, 'CO2', 424, '2026-04-28 08:33:00.014890', 8),
(1741, 'CO2', 412, '2026-04-28 08:34:00.013880', 8),
(1742, 'CO2', 372, '2026-04-28 08:34:00.014305', 8),
(1743, 'CO2', 400, '2026-04-28 08:35:00.020301', 8),
(1744, 'CO2', 366, '2026-04-28 08:35:00.020465', 8),
(1745, 'CO2', 381, '2026-04-28 08:36:00.039164', 8),
(1746, 'CO2', 394, '2026-04-28 08:36:00.039688', 8),
(1747, 'CO2', 430, '2026-04-28 08:37:00.015058', 8),
(1748, 'CO2', 418, '2026-04-28 08:37:00.015250', 8),
(1749, 'CO2', 379, '2026-04-28 08:38:00.014687', 8),
(1750, 'CO2', 378, '2026-04-28 08:38:00.015756', 8),
(1751, 'CO2', 369, '2026-04-28 08:39:00.022665', 8),
(1752, 'CO2', 399, '2026-04-28 08:39:00.022924', 8),
(1753, 'CO2', 377, '2026-04-28 08:40:00.015175', 8),
(1754, 'CO2', 406, '2026-04-28 08:40:00.015335', 8),
(1755, 'CO2', 373, '2026-04-28 08:41:00.016999', 8),
(1756, 'CO2', 429, '2026-04-28 08:41:00.017185', 8),
(1757, 'CO2', 432, '2026-04-28 08:42:00.019216', 8),
(1758, 'CO2', 445, '2026-04-28 08:42:00.020020', 8),
(1759, 'CO2', 432, '2026-04-28 08:43:00.010414', 8),
(1760, 'CO2', 397, '2026-04-28 08:43:00.010540', 8),
(1761, 'CO2', 354, '2026-04-28 08:44:00.019653', 8),
(1762, 'CO2', 361, '2026-04-28 08:44:00.020001', 8),
(1763, 'CO2', 377, '2026-04-28 08:45:00.033885', 8),
(1764, 'CO2', 408, '2026-04-28 08:45:00.034995', 8),
(1765, 'CO2', 384, '2026-04-28 08:46:00.013749', 8),
(1766, 'CO2', 401, '2026-04-28 08:46:00.013922', 8),
(1767, 'CO2', 446, '2026-04-28 08:47:00.043556', 8),
(1768, 'CO2', 383, '2026-04-28 08:47:00.044235', 8),
(1769, 'CO2', 376, '2026-04-28 08:48:00.052729', 8),
(1770, 'CO2', 405, '2026-04-28 08:48:00.060489', 8),
(1771, 'CO2', 354, '2026-04-28 08:49:00.017800', 8),
(1772, 'CO2', 392, '2026-04-28 08:49:00.022089', 8),
(1773, 'CO2', 440, '2026-04-28 08:50:00.029856', 8),
(1774, 'CO2', 420, '2026-04-28 08:50:00.030380', 8),
(1775, 'CO2', 440, '2026-04-28 08:51:00.025819', 8),
(1776, 'CO2', 370, '2026-04-28 08:51:00.026366', 8),
(1777, 'CO2', 392, '2026-04-28 08:52:00.018088', 8),
(1778, 'CO2', 368, '2026-04-28 08:52:00.018215', 8),
(1779, 'CO2', 374, '2026-04-28 08:53:00.023192', 8),
(1780, 'CO2', 406, '2026-04-28 08:53:00.024160', 8),
(1781, 'CO2', 395, '2026-04-28 08:54:00.018740', 8),
(1782, 'CO2', 364, '2026-04-28 08:54:00.018891', 8),
(1783, 'CO2', 423, '2026-04-28 08:55:00.022318', 8),
(1784, 'CO2', 437, '2026-04-28 08:55:00.022484', 8),
(1785, 'CO2', 383, '2026-04-28 08:56:00.024773', 8),
(1786, 'CO2', 362, '2026-04-28 08:56:00.026283', 8),
(1787, 'CO2', 421, '2026-04-28 08:57:00.064758', 8),
(1788, 'CO2', 413, '2026-04-28 08:57:00.076109', 8),
(1789, 'CO2', 387, '2026-04-28 08:58:00.017700', 8),
(1790, 'CO2', 378, '2026-04-28 08:58:00.018249', 8),
(1791, 'TEMP', 30, '2026-04-28 10:00:36.889615', 1),
(1792, 'TEMP', -11, '2026-04-28 10:02:12.911011', 1),
(1793, 'TEMP', -19, '2026-04-28 10:02:37.192496', 1),
(1794, 'TEMP', -17, '2026-04-28 10:02:50.381902', 1),
(1795, 'TEMP', -4, '2026-04-28 10:03:24.889892', 1),
(1796, 'TEMP', -6, '2026-04-28 10:04:45.117043', 1),
(1797, 'TEMP', -18, '2026-04-28 10:04:54.433825', 1),
(1798, 'TEMP', -19, '2026-04-28 10:05:13.717763', 1),
(1799, 'TEMP', -18, '2026-04-28 10:05:25.326909', 1),
(1800, 'TEMP', -19, '2026-04-28 10:05:40.321852', 1),
(1801, 'TEMP', -15, '2026-04-28 10:05:48.842068', 1),
(1802, 'TEMP', -19, '2026-04-28 10:12:28.453258', 1),
(1803, 'TEMP', -4, '2026-04-28 10:13:10.485423', 1),
(1804, 'TEMP', -8, '2026-04-28 10:13:32.365911', 1),
(1805, 'TEMP', 0, '2026-04-28 10:24:10.898686', 1),
(1806, 'TEMP', 0, '2026-04-28 10:26:39.459590', 1),
(1807, 'TEMP', 0, '2026-04-28 10:33:32.854693', 1);

-- --------------------------------------------------------

--
-- Table structure for table `users`
--

CREATE TABLE `users` (
  `id` int(11) NOT NULL,
  `username` varchar(255) NOT NULL,
  `password` varchar(255) NOT NULL,
  `role` varchar(255) NOT NULL DEFAULT 'OPERATOR',
  `full_name` varchar(255) DEFAULT NULL,
  `email` varchar(255) DEFAULT NULL
) ENGINE=InnoDB DEFAULT CHARSET=utf8mb4 COLLATE=utf8mb4_unicode_ci;

--
-- Dumping data for table `users`
--

INSERT INTO `users` (`id`, `username`, `password`, `role`, `full_name`, `email`) VALUES
(1, 'admin', '123456', 'ADMIN', 'Tiến Đạt (Sếp Tổng)', NULL),
(2, 'nhanvien1', '123456', 'OPERATOR', 'Nguyễn Văn A', NULL);

-- --------------------------------------------------------

--
-- Table structure for table `user_area_management`
--

CREATE TABLE `user_area_management` (
  `user_id` int(11) NOT NULL,
  `area_id` int(11) NOT NULL
) ENGINE=InnoDB DEFAULT CHARSET=utf8mb4 COLLATE=utf8mb4_general_ci;

-- --------------------------------------------------------

--
-- Table structure for table `warehouses`
--

CREATE TABLE `warehouses` (
  `id` int(11) NOT NULL,
  `warehouse_name` varchar(255) NOT NULL
) ENGINE=InnoDB DEFAULT CHARSET=utf8mb4 COLLATE=utf8mb4_unicode_ci;

--
-- Dumping data for table `warehouses`
--

INSERT INTO `warehouses` (`id`, `warehouse_name`) VALUES
(1, 'Kho Lạnh Thủ Đức'),
(2, 'Kho lạnh Quận 10');

--
-- Indexes for dumped tables
--

--
-- Indexes for table `action_logs`
--
ALTER TABLE `action_logs`
  ADD PRIMARY KEY (`id`),
  ADD KEY `FK_1bf562030c7a51c9605e1f45f32` (`user_id`),
  ADD KEY `FK_8e905312e5e7cd4d733f68d55ee` (`area_id`),
  ADD KEY `FK_3503b70486e6d3a9357c23c41d1` (`device_id`);

--
-- Indexes for table `areas`
--
ALTER TABLE `areas`
  ADD PRIMARY KEY (`id`),
  ADD KEY `FK_6c839003276895337c9fb4da7f0` (`warehouse_id`),
  ADD KEY `FK_cb2dc41a1f1c6a868e1d475faf9` (`current_food_type_id`),
  ADD KEY `fk_area_user` (`user_id`);

--
-- Indexes for table `area_food_types`
--
ALTER TABLE `area_food_types`
  ADD PRIMARY KEY (`area_id`,`food_type_id`);

--
-- Indexes for table `devices`
--
ALTER TABLE `devices`
  ADD PRIMARY KEY (`id`),
  ADD UNIQUE KEY `IDX_5ea581b2efa01ccd29dd4bb219` (`device_code`),
  ADD KEY `FK_4f81d9e267525f4d1e9f4b69d07` (`area_id`);

--
-- Indexes for table `device_schedules`
--
ALTER TABLE `device_schedules`
  ADD PRIMARY KEY (`id`);

--
-- Indexes for table `food_types`
--
ALTER TABLE `food_types`
  ADD PRIMARY KEY (`id`);

--
-- Indexes for table `sensor_readings`
--
ALTER TABLE `sensor_readings`
  ADD PRIMARY KEY (`id`),
  ADD KEY `FK_cf99b2693ba85492a07e752db89` (`device_id`);

--
-- Indexes for table `users`
--
ALTER TABLE `users`
  ADD PRIMARY KEY (`id`);

--
-- Indexes for table `user_area_management`
--
ALTER TABLE `user_area_management`
  ADD PRIMARY KEY (`user_id`,`area_id`);

--
-- Indexes for table `warehouses`
--
ALTER TABLE `warehouses`
  ADD PRIMARY KEY (`id`);

--
-- AUTO_INCREMENT for dumped tables
--

--
-- AUTO_INCREMENT for table `action_logs`
--
ALTER TABLE `action_logs`
  MODIFY `id` int(11) NOT NULL AUTO_INCREMENT, AUTO_INCREMENT=339;

--
-- AUTO_INCREMENT for table `areas`
--
ALTER TABLE `areas`
  MODIFY `id` int(11) NOT NULL AUTO_INCREMENT, AUTO_INCREMENT=3;

--
-- AUTO_INCREMENT for table `devices`
--
ALTER TABLE `devices`
  MODIFY `id` int(11) NOT NULL AUTO_INCREMENT, AUTO_INCREMENT=10;

--
-- AUTO_INCREMENT for table `device_schedules`
--
ALTER TABLE `device_schedules`
  MODIFY `id` int(11) NOT NULL AUTO_INCREMENT, AUTO_INCREMENT=2;

--
-- AUTO_INCREMENT for table `food_types`
--
ALTER TABLE `food_types`
  MODIFY `id` int(11) NOT NULL AUTO_INCREMENT, AUTO_INCREMENT=4;

--
-- AUTO_INCREMENT for table `sensor_readings`
--
ALTER TABLE `sensor_readings`
  MODIFY `id` int(11) NOT NULL AUTO_INCREMENT, AUTO_INCREMENT=1808;

--
-- AUTO_INCREMENT for table `users`
--
ALTER TABLE `users`
  MODIFY `id` int(11) NOT NULL AUTO_INCREMENT, AUTO_INCREMENT=3;

--
-- AUTO_INCREMENT for table `warehouses`
--
ALTER TABLE `warehouses`
  MODIFY `id` int(11) NOT NULL AUTO_INCREMENT, AUTO_INCREMENT=3;

--
-- Constraints for dumped tables
--

--
-- Constraints for table `action_logs`
--
ALTER TABLE `action_logs`
  ADD CONSTRAINT `FK_1bf562030c7a51c9605e1f45f32` FOREIGN KEY (`user_id`) REFERENCES `users` (`id`) ON DELETE NO ACTION ON UPDATE NO ACTION,
  ADD CONSTRAINT `FK_3503b70486e6d3a9357c23c41d1` FOREIGN KEY (`device_id`) REFERENCES `devices` (`id`) ON DELETE NO ACTION ON UPDATE NO ACTION,
  ADD CONSTRAINT `FK_8e905312e5e7cd4d733f68d55ee` FOREIGN KEY (`area_id`) REFERENCES `areas` (`id`) ON DELETE NO ACTION ON UPDATE NO ACTION;

--
-- Constraints for table `areas`
--
ALTER TABLE `areas`
  ADD CONSTRAINT `FK_6c839003276895337c9fb4da7f0` FOREIGN KEY (`warehouse_id`) REFERENCES `warehouses` (`id`) ON DELETE NO ACTION ON UPDATE NO ACTION,
  ADD CONSTRAINT `FK_cb2dc41a1f1c6a868e1d475faf9` FOREIGN KEY (`current_food_type_id`) REFERENCES `food_types` (`id`) ON DELETE NO ACTION ON UPDATE NO ACTION,
  ADD CONSTRAINT `fk_area_user` FOREIGN KEY (`user_id`) REFERENCES `users` (`id`) ON DELETE SET NULL;

--
-- Constraints for table `devices`
--
ALTER TABLE `devices`
  ADD CONSTRAINT `FK_4f81d9e267525f4d1e9f4b69d07` FOREIGN KEY (`area_id`) REFERENCES `areas` (`id`) ON DELETE NO ACTION ON UPDATE NO ACTION;

--
-- Constraints for table `sensor_readings`
--
ALTER TABLE `sensor_readings`
  ADD CONSTRAINT `FK_cf99b2693ba85492a07e752db89` FOREIGN KEY (`device_id`) REFERENCES `devices` (`id`) ON DELETE NO ACTION ON UPDATE NO ACTION;
COMMIT;

/*!40101 SET CHARACTER_SET_CLIENT=@OLD_CHARACTER_SET_CLIENT */;
/*!40101 SET CHARACTER_SET_RESULTS=@OLD_CHARACTER_SET_RESULTS */;
/*!40101 SET COLLATION_CONNECTION=@OLD_COLLATION_CONNECTION */;
